linha,bloco,ordem_no_bloco,latitude,longitude,latitude_anterior,longitude_anterior,Hodômetro Total,Hodômetro anterior,Hodômetro incremental do bloco,Data/Hora Evento,GNSS UTC Time,Tipo Mensagem,Motion Status,Distância incremental (m)
2,1,1,-23.329657,-51.177714,,,0.0,,0.0,2025-07-08 17:02:27,2025-07-08 12:55:15,GTPNR,21.0,0.0
5,1,2,-23.329657,-51.177714,,,0.0,,0.0,2025-07-08 17:04:36,2025-07-08 12:55:15,GTSTT,22.0,
6,1,3,-23.329657,-51.177714,-23.329657,-51.177714,0.0,0.0,0.0,2025-07-08 17:04:56,2025-07-08 12:55:15,GTRTL,22.0,0.0
7,1,4,-23.329657,-51.177714,-23.329657,-51.177714,0.0,0.0,0.0,2025-07-08 17:04:56,2025-07-08 12:55:15,GTRTL,22.0,0.0
8,1,5,-23.329657,-51.177714,-23.329657,-51.177714,0.0,0.0,0.0,2025-07-08 17:04:56,2025-07-08 12:55:15,GTERI,22.0,0.0
9,1,6,-23.329657,-51.177714,-23.329657,-51.177714,0.0,0.0,0.0,2025-07-08 17:04:56,2025-07-08 12:55:15,GTSTT,21.0,0.0
10,1,7,-23.329657,-51.177714,-23.329657,-51.177714,0.0,0.0,0.0,2025-07-08 17:05:35,2025-07-08 12:55:15,GTERI,21.0,0.0
13,1,8,-23.329657,-51.177714,,,0.0,,0.0,2025-07-08 17:08:35,2025-07-08 12:55:15,GTERI,21.0,
14,1,9,-23.329657,-51.177714,-23.329657,-51.177714,0.0,0.0,0.0,2025-07-08 17:09:20,2025-07-08 12:55:15,GTSTT,22.0,0.0
15,1,10,-23.329657,-51.177714,-23.329657,-51.177714,0.0,0.0,0.0,2025-07-08 17:09:51,2025-07-08 12:55:15,GTSTT,21.0,0.0
17,1,11,-23.329657,-51.177714,,,0.0,,0.0,2025-07-08 17:11:35,2025-07-08 12:55:15,GTERI,21.0,
20,1,12,-23.329657,-51.177714,,,0.0,,0.0,2025-07-08 17:12:33,2025-07-08 12:55:15,GTGSS,21.0,
22,1,13,-23.329657,-51.177714,,,0.0,,0.0,2025-07-08 17:14:35,2025-07-08 12:55:15,GTERI,21.0,
23,1,14,-23.329657,-51.177714,-23.329657,-51.177714,0.0,0.0,0.0,2025-07-08 17:16:15,2025-07-08 12:55:15,GTSTT,22.0,0.0
25,1,15,-23.329657,-51.177714,,,0.0,,0.0,2025-07-08 17:16:35,2025-07-08 12:55:15,GTSTT,21.0,
26,1,16,-23.329657,-51.177714,-23.329657,-51.177714,0.0,0.0,0.0,2025-07-08 17:17:30,2025-07-08 12:55:15,GTSTT,22.0,0.0
27,1,17,-23.329657,-51.177714,-23.329657,-51.177714,0.0,0.0,0.0,2025-07-08 17:17:35,2025-07-08 12:55:15,GTERI,22.0,0.0
28,1,18,-23.329657,-51.177714,-23.329657,-51.177714,0.0,0.0,0.0,2025-07-08 17:18:21,2025-07-08 12:55:15,GTSTT,21.0,0.0
30,1,19,-23.329657,-51.177714,,,0.0,,0.0,2025-07-08 17:19:27,2025-07-08 12:55:15,GTSTT,22.0,
31,1,20,-23.329657,-51.177714,-23.329657,-51.177714,0.0,0.0,0.0,2025-07-08 17:19:47,2025-07-08 12:55:15,GTSTT,21.0,0.0
32,1,21,-23.329657,-51.177714,-23.329657,-51.177714,0.0,0.0,0.0,2025-07-08 17:19:47,2025-07-08 12:55:15,GTSTT,21.0,0.0
33,1,22,-23.329657,-51.177714,-23.329657,-51.177714,0.0,0.0,0.0,2025-07-08 17:19:47,2025-07-08 12:55:15,GTSTT,21.0,0.0
34,1,23,-23.329657,-51.177714,-23.329657,-51.177714,0.0,0.0,0.0,2025-07-08 17:19:47,2025-07-08 12:55:15,GTSTT,21.0,0.0
37,1,24,-23.329657,-51.177714,,,0.0,,0.0,2025-07-08 17:20:35,2025-07-08 12:55:15,GTERI,21.0,
38,1,25,-23.329657,-51.177714,-23.329657,-51.177714,0.0,0.0,0.0,2025-07-08 17:23:35,2025-07-08 12:55:15,GTERI,21.0,0.0
45,1,26,-23.329657,-51.177714,,,0.0,,0.0,2025-07-08 17:26:35,2025-07-08 12:55:15,GTERI,21.0,
47,1,27,-23.329657,-51.177714,,,0.0,,0.0,2025-07-08 17:28:19,2025-07-08 12:55:15,GTSTT,22.0,
48,1,28,-23.329657,-51.177714,-23.329657,-51.177714,0.0,0.0,0.0,2025-07-08 17:28:44,2025-07-08 12:55:15,GTSTT,21.0,0.0
49,1,29,-23.329912,-51.177049,-23.329657,-51.177714,0.0,0.0,0.0,2025-07-08 17:29:31,2025-07-08 17:29:30,GTGSS,21.0,73.58174499272336
50,1,30,-23.329912,-51.177049,-23.329912,-51.177049,0.0,0.0,0.0,2025-07-08 17:29:36,2025-07-08 17:29:33,GTERI,21.0,0.0
54,1,31,-23.329912,-51.177049,,,0.0,,0.0,2025-07-08 17:32:36,2025-07-08 17:32:33,GTERI,21.0,
56,1,32,-23.329912,-51.177049,,,0.0,,0.0,2025-07-08 17:35:35,2025-07-08 17:35:33,GTERI,21.0,
60,1,33,-23.329912,-51.177049,-23.329912,-51.177049,0.0,0.0,0.0,2025-07-08 17:38:35,2025-07-08 17:38:33,GTERI,21.0,0.0
59,1,34,-23.329912,-51.177049,,,0.0,,0.0,2025-07-08 17:39:45,2025-07-08 17:39:44,GTPDP,21.0,
61,1,35,-23.329912,-51.177049,-23.329912,-51.177049,0.0,0.0,0.0,2025-07-08 17:41:35,2025-07-08 17:41:33,GTERI,21.0,0.0
62,1,36,-23.329912,-51.177049,-23.329912,-51.177049,0.0,0.0,0.0,2025-07-08 17:43:08,2025-07-08 17:43:08,GTSTT,22.0,0.0
63,1,37,-23.329807,-51.177707,-23.329912,-51.177049,0.1,0.0,0.1,2025-07-08 17:43:28,2025-07-08 17:43:28,GTSTT,21.0,68.1912435523395
64,1,38,-23.329851,-51.177735,-23.329807,-51.177707,0.1,0.1,0.1,2025-07-08 17:43:55,2025-07-08 17:43:54,GTSTT,22.0,5.666632205906751
72,1,39,-23.329894,-51.177661,,,0.1,,0.1,2025-07-08 17:44:15,2025-07-08 17:44:14,GTSTT,21.0,
70,1,40,-23.329894,-51.177661,-23.329894,-51.177661,0.1,0.1,0.1,2025-07-08 17:44:15,2025-07-08 17:44:14,GTSTT,21.0,0.0
69,1,41,-23.329894,-51.177661,-23.329894,-51.177661,0.1,0.1,0.1,2025-07-08 17:44:15,2025-07-08 17:44:14,GTSTT,21.0,0.0
67,1,42,-23.329894,-51.177661,-23.329894,-51.177661,0.1,0.1,0.1,2025-07-08 17:44:15,2025-07-08 17:44:14,GTSTT,21.0,0.0
66,1,43,-23.329894,-51.177661,,,0.1,,0.1,2025-07-08 17:44:15,2025-07-08 17:44:14,GTSTT,21.0,
68,1,44,-23.329894,-51.177661,-23.329894,-51.177661,0.1,0.1,0.1,2025-07-08 17:44:15,2025-07-08 17:44:14,GTSTT,21.0,0.0
73,1,45,-23.329943,-51.177671,-23.329894,-51.177661,0.1,0.1,0.1,2025-07-08 17:44:35,2025-07-08 17:44:33,GTERI,21.0,5.543402544264286
74,1,46,-23.329942,-51.177651,-23.329943,-51.177671,0.1,0.1,0.1,2025-07-08 17:47:35,2025-07-08 17:47:33,GTERI,21.0,2.0450995572765844
77,1,47,-23.329942,-51.177651,,,0.1,,0.1,2025-07-08 17:50:35,2025-07-08 17:50:33,GTERI,21.0,
79,1,48,-23.329942,-51.177651,,,0.1,,0.1,2025-07-08 17:53:35,2025-07-08 17:53:33,GTERI,21.0,
82,1,49,-23.329942,-51.177651,,,0.1,,0.1,2025-07-08 17:56:35,2025-07-08 17:56:33,GTERI,21.0,
84,1,50,-23.329942,-51.177651,,,0.1,,0.1,2025-07-08 17:59:35,2025-07-08 17:59:33,GTERI,21.0,
87,1,51,-23.329942,-51.177651,,,0.1,,0.1,2025-07-08 18:02:35,2025-07-08 18:02:33,GTERI,21.0,
89,1,52,-23.329942,-51.177651,,,0.1,,0.1,2025-07-08 18:05:35,2025-07-08 18:05:33,GTERI,21.0,
92,1,53,-23.329942,-51.177651,,,0.1,,0.1,2025-07-08 18:08:35,2025-07-08 18:08:33,GTERI,21.0,
95,1,54,-23.329942,-51.177651,-23.329942,-51.177651,0.1,0.1,0.1,2025-07-08 18:11:35,2025-07-08 18:11:33,GTERI,21.0,0.0
94,1,55,-23.329942,-51.177651,,,0.1,,0.1,2025-07-08 18:11:35,2025-07-08 18:11:33,GTERI,21.0,
99,1,56,-23.329942,-51.177651,,,0.1,,0.1,2025-07-08 18:14:35,2025-07-08 18:14:33,GTERI,21.0,
101,1,57,-23.329942,-51.177651,,,0.1,,0.1,2025-07-08 18:17:35,2025-07-08 18:17:33,GTPDP,21.0,
102,1,58,-23.329942,-51.177651,-23.329942,-51.177651,0.1,0.1,0.1,2025-07-08 18:17:35,2025-07-08 18:17:33,GTERI,21.0,0.0
104,1,59,-23.329942,-51.177651,,,0.1,,0.1,2025-07-08 18:20:35,2025-07-08 18:20:33,GTERI,21.0,
106,1,60,-23.329942,-51.177651,,,0.1,,0.1,2025-07-08 18:23:35,2025-07-08 18:23:33,GTERI,21.0,
109,1,61,-23.329942,-51.177651,,,0.1,,0.1,2025-07-08 18:26:35,2025-07-08 18:26:33,GTERI,21.0,
111,1,62,-23.329942,-51.177651,,,0.1,,0.1,2025-07-08 18:29:35,2025-07-08 18:29:33,GTERI,21.0,
114,1,63,-23.329942,-51.177651,,,0.1,,0.1,2025-07-08 18:32:35,2025-07-08 18:32:33,GTERI,21.0,
116,1,64,-23.329942,-51.177651,,,0.1,,0.1,2025-07-08 18:35:35,2025-07-08 18:35:33,GTERI,21.0,
119,1,65,-23.329942,-51.177651,,,0.1,,0.1,2025-07-08 18:38:35,2025-07-08 18:38:33,GTERI,21.0,
121,1,66,-23.329942,-51.177651,,,0.1,,0.1,2025-07-08 18:41:35,2025-07-08 18:41:33,GTERI,21.0,
124,1,67,-23.329942,-51.177651,,,0.1,,0.1,2025-07-08 18:44:35,2025-07-08 18:44:33,GTERI,21.0,
126,1,68,-23.329942,-51.177651,,,0.1,,0.1,2025-07-08 18:47:35,2025-07-08 18:47:33,GTERI,21.0,
129,1,69,-23.329942,-51.177651,,,0.1,,0.1,2025-07-08 18:50:35,2025-07-08 18:50:33,GTERI,21.0,
131,1,70,-23.329942,-51.177651,,,0.1,,0.1,2025-07-08 18:53:35,2025-07-08 18:53:33,GTERI,21.0,
134,1,71,-23.329942,-51.177651,,,0.1,,0.1,2025-07-08 18:56:35,2025-07-08 18:56:33,GTERI,21.0,
136,1,72,-23.329942,-51.177651,,,0.1,,0.1,2025-07-08 18:59:35,2025-07-08 18:59:33,GTERI,21.0,
139,1,73,-23.329942,-51.177651,,,0.1,,0.1,2025-07-08 19:02:35,2025-07-08 19:02:33,GTERI,21.0,
141,1,74,-23.329942,-51.177651,,,0.1,,0.1,2025-07-08 19:05:35,2025-07-08 19:05:33,GTERI,21.0,
143,1,75,-23.329942,-51.177651,,,0.1,,0.1,2025-07-08 19:06:48,2025-07-08 19:06:47,GTSTT,22.0,
144,1,76,-23.328564,-51.179861,-23.329942,-51.177651,0.4,0.1,0.4,2025-07-08 19:07:47,2025-07-08 19:07:47,GTSTT,21.0,272.75732448199795
146,1,77,-23.328418,-51.180176,,,0.5,,0.5,2025-07-08 19:08:35,2025-07-08 19:08:33,GTERI,21.0,
148,1,78,-23.327429,-51.18189,,,0.7,,0.7,2025-07-08 19:11:35,2025-07-08 19:11:33,GTERI,21.0,
151,1,79,-23.326124,-51.183498,,,0.9,,0.9,2025-07-08 19:14:35,2025-07-08 19:14:33,GTERI,21.0,
153,1,80,-23.326124,-51.183498,,,0.9,,0.9,2025-07-08 19:17:35,2025-07-08 19:17:33,GTERI,21.0,
156,1,81,-23.326124,-51.183498,,,0.9,,0.9,2025-07-08 19:20:35,2025-07-08 19:20:33,GTERI,21.0,
158,1,82,-23.326124,-51.183498,,,0.9,,0.9,2025-07-08 19:23:35,2025-07-08 19:23:33,GTERI,21.0,
164,1,83,-23.326124,-51.183498,,,0.9,,0.9,2025-07-08 19:26:35,2025-07-08 19:26:33,GTERI,21.0,
168,1,84,-23.326124,-51.183498,,,0.9,,0.9,2025-07-08 19:29:35,2025-07-08 19:29:33,GTERI,21.0,
173,1,85,-23.326124,-51.183498,,,0.9,,0.9,2025-07-08 19:32:35,2025-07-08 19:32:33,GTERI,21.0,
175,1,86,-23.326124,-51.183498,,,0.9,,0.9,2025-07-08 19:35:35,2025-07-08 19:35:33,GTERI,21.0,
176,1,87,-23.326124,-51.183498,-23.326124,-51.183498,0.9,0.9,0.9,2025-07-08 19:35:35,2025-07-08 19:35:33,GTERI,21.0,0.0
177,1,88,-23.326124,-51.183498,-23.326124,-51.183498,0.9,0.9,0.9,2025-07-08 19:35:35,2025-07-08 19:35:33,GTERI,21.0,0.0
179,1,89,-23.326124,-51.183498,,,0.9,,0.9,2025-07-08 19:38:35,2025-07-08 19:38:33,GTERI,21.0,
180,1,90,-23.326124,-51.183498,-23.326124,-51.183498,0.9,0.9,0.9,2025-07-08 19:38:35,2025-07-08 19:38:33,GTERI,21.0,0.0
183,1,91,-23.326124,-51.183498,,,0.9,,0.9,2025-07-08 19:41:35,2025-07-08 19:41:33,GTERI,21.0,
187,1,92,-23.326124,-51.183498,,,0.9,,0.9,2025-07-08 19:44:35,2025-07-08 19:44:33,GTERI,21.0,
195,1,93,-23.326124,-51.183498,,,0.9,,0.9,2025-07-08 19:47:35,2025-07-08 19:47:34,GTERI,21.0,
203,1,94,-23.326124,-51.183498,,,0.9,,0.9,2025-07-08 19:50:35,2025-07-08 19:50:33,GTERI,21.0,
201,1,95,-23.326124,-51.183498,-23.326124,-51.183498,0.9,0.9,0.9,2025-07-08 19:50:35,2025-07-08 19:50:33,GTERI,21.0,0.0
200,1,96,-23.326124,-51.183498,-23.326124,-51.183498,0.9,0.9,0.9,2025-07-08 19:50:35,2025-07-08 19:50:33,GTERI,21.0,0.0
198,1,97,-23.326124,-51.183498,-23.326124,-51.183498,0.9,0.9,0.9,2025-07-08 19:50:35,2025-07-08 19:50:33,GTERI,21.0,0.0
197,1,98,-23.326124,-51.183498,,,0.9,,0.9,2025-07-08 19:50:35,2025-07-08 19:50:33,GTERI,21.0,
199,1,99,-23.326124,-51.183498,-23.326124,-51.183498,0.9,0.9,0.9,2025-07-08 19:50:35,2025-07-08 19:50:33,GTERI,21.0,0.0
204,1,100,-23.326124,-51.183498,-23.326124,-51.183498,0.9,0.9,0.9,2025-07-08 19:52:35,2025-07-08 19:52:35,GTSTT,22.0,0.0
205,1,101,-23.326124,-51.183498,-23.326124,-51.183498,1.8,0.9,1.8,2025-07-08 19:53:35,2025-07-08 19:50:33,GTERI,22.0,0.0
207,1,102,-23.328552,-51.181125,,,1.9,,1.9,2025-07-08 19:54:58,2025-07-08 19:54:58,GTSTT,21.0,
211,1,103,-23.326124,-51.183498,-23.326124,-51.183498,1.9,1.9,1.9,2025-07-08 19:56:35,2025-07-08 19:50:33,GTERI,21.0,0.0
208,1,104,-23.326124,-51.183498,-23.328552,-51.181125,1.9,1.9,1.9,2025-07-08 19:56:35,2025-07-08 19:50:33,GTERI,21.0,362.764208137486
209,1,105,-23.326124,-51.183498,-23.326124,-51.183498,1.9,1.9,1.9,2025-07-08 19:56:35,2025-07-08 19:50:33,GTERI,21.0,0.0
210,1,106,-23.326124,-51.183498,-23.326124,-51.183498,1.9,1.9,1.9,2025-07-08 19:56:35,2025-07-08 19:50:33,GTERI,21.0,0.0
213,1,107,-23.326124,-51.183498,,,1.9,,1.9,2025-07-08 19:56:35,2025-07-08 19:50:33,GTERI,21.0,
217,1,108,-23.329525,-51.178192,-23.329525,-51.178192,2.3,2.3,2.3,2025-07-08 19:59:35,2025-07-08 19:59:33,GTERI,21.0,0.0
216,1,109,-23.329525,-51.178192,-23.329525,-51.178192,2.3,2.3,2.3,2025-07-08 19:59:35,2025-07-08 19:59:33,GTERI,21.0,0.0
215,1,110,-23.329525,-51.178192,-23.329525,-51.178192,2.3,2.3,2.3,2025-07-08 19:59:35,2025-07-08 19:59:33,GTERI,21.0,0.0
214,1,111,-23.329525,-51.178192,-23.326124,-51.183498,2.3,1.9,2.3,2025-07-08 19:59:35,2025-07-08 19:59:33,GTERI,21.0,660.7054694964718
219,1,112,-23.329525,-51.178192,,,2.3,,2.3,2025-07-08 20:02:35,2025-07-08 19:59:33,GTERI,21.0,
220,1,113,-23.329525,-51.178192,-23.329525,-51.178192,2.3,2.3,2.3,2025-07-08 20:02:35,2025-07-08 19:59:33,GTERI,21.0,0.0
224,1,114,-23.329525,-51.178192,,,2.3,,2.3,2025-07-08 20:05:35,2025-07-08 19:59:33,GTERI,21.0,
227,1,115,-23.329525,-51.178192,,,2.3,,2.3,2025-07-08 20:08:28,2025-07-08 20:02:45,GTSTT,22.0,
228,1,116,-23.329525,-51.178192,-23.329525,-51.178192,2.3,2.3,2.3,2025-07-08 20:08:35,2025-07-08 19:59:33,GTERI,22.0,0.0
230,1,117,-23.330219,-51.177712,,,2.4,,2.4,2025-07-08 20:10:03,2025-07-08 20:09:02,GTSTT,21.0,
231,1,118,-23.330219,-51.177712,-23.330219,-51.177712,2.4,2.4,2.4,2025-07-08 20:10:03,2025-07-08 20:09:02,GTSTT,21.0,0.0
232,1,119,-23.330219,-51.177712,-23.330219,-51.177712,2.4,2.4,2.4,2025-07-08 20:10:03,2025-07-08 20:09:02,GTSTT,21.0,0.0
233,1,120,-23.330219,-51.177712,-23.330219,-51.177712,2.4,2.4,2.4,2025-07-08 20:10:03,2025-07-08 20:09:02,GTSTT,21.0,0.0
235,1,121,-23.329525,-51.178192,,,2.4,,2.4,2025-07-08 20:11:35,2025-07-08 19:59:33,GTERI,21.0,
239,1,122,-23.329525,-51.178192,,,2.4,,2.4,2025-07-08 20:14:35,2025-07-08 19:59:33,GTERI,21.0,
242,1,123,-23.329525,-51.178192,,,2.4,,2.4,2025-07-08 20:17:35,2025-07-08 19:59:33,GTERI,21.0,
246,1,124,-23.330219,-51.177712,,,2.4,,2.4,2025-07-08 20:19:06,2025-07-08 20:09:02,GTGSS,21.0,
247,1,125,-23.330219,-51.177712,-23.330219,-51.177712,2.4,2.4,2.4,2025-07-08 20:20:35,2025-07-08 20:09:02,GTERI,21.0,0.0
249,1,126,-23.330219,-51.177712,,,2.4,,2.4,2025-07-08 20:21:30,2025-07-08 20:21:30,GTGSS,21.0,
250,1,127,-23.330219,-51.177712,-23.330219,-51.177712,2.4,2.4,2.4,2025-07-08 20:21:34,2025-07-08 20:21:33,GTSTT,22.0,0.0
251,1,128,-23.33043,-51.177614,-23.330219,-51.177712,2.4,2.4,2.4,2025-07-08 20:22:35,2025-07-08 20:21:35,GTSTT,21.0,25.506779407381202
252,1,129,-23.33043,-51.177614,-23.33043,-51.177614,2.4,2.4,2.4,2025-07-08 20:22:35,2025-07-08 20:21:35,GTSTT,21.0,0.0
253,1,130,-23.33043,-51.177614,-23.33043,-51.177614,2.4,2.4,2.4,2025-07-08 20:22:35,2025-07-08 20:21:35,GTSTT,21.0,0.0
255,1,131,-23.330219,-51.177712,,,2.4,,2.4,2025-07-08 20:23:35,2025-07-08 20:21:30,GTERI,21.0,
258,1,132,-23.330219,-51.177712,,,2.4,,2.4,2025-07-08 20:26:35,2025-07-08 20:21:30,GTERI,21.0,
261,1,133,-23.33043,-51.177614,,,2.4,,2.4,2025-07-08 20:29:20,2025-07-08 20:21:35,GTSTT,22.0,
262,1,134,-23.330219,-51.177712,-23.33043,-51.177614,2.4,2.4,2.4,2025-07-08 20:29:35,2025-07-08 20:21:30,GTERI,22.0,25.506779407381202
263,1,135,-23.33043,-51.177614,-23.330219,-51.177712,2.4,2.4,2.4,2025-07-08 20:30:21,2025-07-08 20:21:35,GTSTT,21.0,25.506779407381202
265,1,136,-23.33043,-51.177614,,,2.4,,2.4,2025-07-08 20:31:39,2025-07-08 20:21:35,GTGSS,21.0,
266,1,137,-23.33043,-51.177614,-23.33043,-51.177614,2.4,2.4,2.4,2025-07-08 20:32:27,2025-07-08 20:21:35,GTSTT,22.0,0.0
267,1,138,-23.329463,-51.177881,-23.33043,-51.177614,2.6,2.4,2.6,2025-07-08 20:32:30,2025-07-08 20:32:30,GTGSS,22.0,110.92774083400582
268,1,139,-23.329681,-51.177936,-23.329463,-51.177881,2.6,2.6,2.6,2025-07-08 20:32:35,2025-07-08 20:32:33,GTERI,22.0,24.882513680735723
270,1,140,-23.330674,-51.177554,,,2.8,,2.8,2025-07-08 20:34:59,2025-07-08 20:33:28,GTSTT,21.0,
271,1,141,-23.330674,-51.177554,-23.330674,-51.177554,2.8,2.8,2.8,2025-07-08 20:34:59,2025-07-08 20:33:28,GTSTT,21.0,0.0
272,1,142,-23.330674,-51.177554,-23.330674,-51.177554,2.8,2.8,2.8,2025-07-08 20:34:59,2025-07-08 20:33:28,GTSTT,21.0,0.0
273,1,143,-23.330674,-51.177554,-23.330674,-51.177554,2.8,2.8,2.8,2025-07-08 20:34:59,2025-07-08 20:33:28,GTSTT,21.0,0.0
275,1,144,-23.329681,-51.177936,,,2.8,,2.8,2025-07-08 20:35:35,2025-07-08 20:32:33,GTERI,21.0,
276,1,145,-23.330674,-51.177554,-23.329681,-51.177936,2.8,2.8,2.8,2025-07-08 20:36:59,2025-07-08 20:33:28,GTSTT,22.0,117.10306550159407
277,1,146,-23.32972,-51.177488,-23.330674,-51.177554,3.0,2.8,3.0,2025-07-08 20:38:02,2025-07-08 20:38:02,GTSTT,21.0,106.2939361819074
279,1,147,-23.329606,-51.177442,,,3.0,,3.0,2025-07-08 20:38:35,2025-07-08 20:38:33,GTERI,21.0,
281,1,148,-23.329606,-51.177442,,,3.0,,3.0,2025-07-08 20:41:35,2025-07-08 20:41:33,GTERI,21.0,
284,1,149,-23.329606,-51.177442,,,3.0,,3.0,2025-07-08 20:44:35,2025-07-08 20:44:33,GTERI,21.0,
287,1,150,-23.329606,-51.177442,,,3.0,,3.0,2025-07-08 20:47:35,2025-07-08 20:47:34,GTERI,21.0,
290,1,151,-23.329606,-51.177442,,,3.0,,3.0,2025-07-08 20:50:35,2025-07-08 20:50:33,GTERI,21.0,
293,1,152,-23.329606,-51.177442,,,3.0,,3.0,2025-07-08 20:53:35,2025-07-08 20:53:33,GTERI,21.0,
297,1,153,-23.329606,-51.177442,,,3.0,,3.0,2025-07-08 20:56:35,2025-07-08 20:56:33,GTERI,21.0,
299,1,154,-23.329606,-51.177442,,,3.0,,3.0,2025-07-08 20:59:35,2025-07-08 20:56:33,GTERI,21.0,
300,1,155,-23.329606,-51.177442,-23.329606,-51.177442,3.0,3.0,3.0,2025-07-08 20:59:35,2025-07-08 20:56:33,GTERI,21.0,0.0
304,1,156,-23.329606,-51.177442,-23.329606,-51.177442,3.0,3.0,3.0,2025-07-08 21:02:35,2025-07-08 20:56:33,GTERI,21.0,0.0
303,1,157,-23.329606,-51.177442,,,3.0,,3.0,2025-07-08 21:03:41,2025-07-08 20:59:23,GTPDP,21.0,
305,1,158,-23.329606,-51.177442,-23.329606,-51.177442,3.0,3.0,3.0,2025-07-08 21:05:35,2025-07-08 20:56:33,GTERI,21.0,0.0
308,1,159,-23.329606,-51.177442,,,3.0,,3.0,2025-07-08 21:08:35,2025-07-08 20:56:33,GTERI,21.0,
309,1,160,-23.329606,-51.177442,-23.329606,-51.177442,3.0,3.0,3.0,2025-07-08 21:09:27,2025-07-08 20:59:23,GTGSS,21.0,0.0
311,1,161,-23.329606,-51.177442,,,3.0,,3.0,2025-07-08 21:11:35,2025-07-08 20:59:23,GTERI,21.0,
314,1,162,-23.329606,-51.177442,,,3.0,,3.0,2025-07-08 21:14:35,2025-07-08 20:59:23,GTERI,21.0,
316,1,163,-23.329606,-51.177442,,,3.0,,3.0,2025-07-08 21:17:35,2025-07-08 20:59:23,GTERI,21.0,
319,1,164,-23.329606,-51.177442,,,3.0,,3.0,2025-07-08 21:20:35,2025-07-08 20:59:23,GTERI,21.0,
321,1,165,-23.329606,-51.177442,,,3.0,,3.0,2025-07-08 21:23:35,2025-07-08 20:59:23,GTERI,21.0,
324,1,166,-23.329606,-51.177442,,,3.0,,3.0,2025-07-08 21:26:35,2025-07-08 20:59:23,GTERI,21.0,
326,1,167,-23.329606,-51.177442,,,3.0,,3.0,2025-07-08 21:29:35,2025-07-08 20:59:23,GTERI,21.0,
329,1,168,-23.329606,-51.177442,,,3.0,,3.0,2025-07-08 21:32:35,2025-07-08 20:59:23,GTERI,21.0,
331,1,169,-23.329606,-51.177442,,,3.0,,3.0,2025-07-08 21:35:35,2025-07-08 20:59:23,GTERI,21.0,
334,1,170,-23.329606,-51.177442,,,3.0,,3.0,2025-07-08 21:38:35,2025-07-08 20:59:23,GTERI,21.0,
336,1,171,-23.329606,-51.177442,,,3.0,,3.0,2025-07-08 21:41:35,2025-07-08 20:59:23,GTERI,21.0,
339,1,172,-23.329606,-51.177442,,,3.0,,3.0,2025-07-08 21:44:35,2025-07-08 20:59:23,GTERI,21.0,
341,1,173,-23.329606,-51.177442,,,3.0,,3.0,2025-07-08 21:47:35,2025-07-08 20:59:23,GTERI,21.0,
344,1,174,-23.329606,-51.177442,,,3.0,,3.0,2025-07-08 21:50:35,2025-07-08 20:59:23,GTERI,21.0,
346,1,175,-23.329606,-51.177442,,,3.0,,3.0,2025-07-08 21:53:35,2025-07-08 20:59:23,GTERI,21.0,
349,1,176,-23.329606,-51.177442,,,3.0,,3.0,2025-07-08 21:56:35,2025-07-08 20:59:23,GTERI,21.0,
351,1,177,-23.329606,-51.177442,,,3.0,,3.0,2025-07-08 21:59:35,2025-07-08 20:59:23,GTERI,21.0,
354,1,178,-23.329606,-51.177442,,,3.0,,3.0,2025-07-08 22:02:35,2025-07-08 20:59:23,GTERI,21.0,
356,1,179,-23.329606,-51.177442,,,3.0,,3.0,2025-07-08 22:05:35,2025-07-08 20:59:23,GTERI,21.0,
359,1,180,-23.329606,-51.177442,,,3.0,,3.0,2025-07-08 22:08:35,2025-07-08 20:59:23,GTERI,21.0,
361,1,181,-23.329606,-51.177442,,,3.0,,3.0,2025-07-08 22:11:35,2025-07-08 20:59:23,GTERI,21.0,
364,1,182,-23.329606,-51.177442,,,3.0,,3.0,2025-07-08 22:14:35,2025-07-08 20:59:23,GTERI,21.0,
366,1,183,-23.329606,-51.177442,,,3.0,,3.0,2025-07-08 22:17:35,2025-07-08 20:59:23,GTERI,21.0,
369,1,184,-23.329606,-51.177442,,,3.0,,3.0,2025-07-08 22:20:35,2025-07-08 20:59:23,GTERI,21.0,
371,1,185,-23.329606,-51.177442,,,3.0,,3.0,2025-07-08 22:23:35,2025-07-08 20:59:23,GTERI,21.0,
374,1,186,-23.329606,-51.177442,,,3.0,,3.0,2025-07-08 22:26:35,2025-07-08 20:59:23,GTERI,21.0,
376,1,187,-23.329606,-51.177442,,,3.0,,3.0,2025-07-08 22:29:35,2025-07-08 20:59:23,GTERI,21.0,
379,1,188,-23.329606,-51.177442,,,3.0,,3.0,2025-07-08 22:32:35,2025-07-08 20:59:23,GTERI,21.0,
381,1,189,-23.329606,-51.177442,,,3.0,,3.0,2025-07-08 22:35:35,2025-07-08 20:59:23,GTERI,21.0,
384,1,190,-23.329606,-51.177442,,,3.0,,3.0,2025-07-08 22:38:35,2025-07-08 20:59:23,GTERI,21.0,
386,1,191,-23.329606,-51.177442,,,3.0,,3.0,2025-07-08 22:41:35,2025-07-08 20:59:23,GTERI,21.0,
389,1,192,-23.329606,-51.177442,,,3.0,,3.0,2025-07-08 22:44:35,2025-07-08 20:59:23,GTERI,21.0,
391,1,193,-23.329606,-51.177442,,,3.0,,3.0,2025-07-08 22:47:35,2025-07-08 20:59:23,GTERI,21.0,
394,1,194,-23.329606,-51.177442,,,3.0,,3.0,2025-07-08 22:50:35,2025-07-08 20:59:23,GTERI,21.0,
396,1,195,-23.329606,-51.177442,,,3.0,,3.0,2025-07-08 22:53:35,2025-07-08 20:59:23,GTERI,21.0,
399,1,196,-23.329606,-51.177442,,,3.0,,3.0,2025-07-08 22:56:35,2025-07-08 20:59:23,GTERI,21.0,
401,1,197,-23.329606,-51.177442,,,3.0,,3.0,2025-07-08 22:59:35,2025-07-08 20:59:23,GTERI,21.0,
404,1,198,-23.329606,-51.177442,,,3.0,,3.0,2025-07-08 23:02:35,2025-07-08 20:59:23,GTERI,21.0,
406,1,199,-23.329606,-51.177442,,,3.0,,3.0,2025-07-08 23:05:35,2025-07-08 20:59:23,GTERI,21.0,
409,1,200,-23.329606,-51.177442,,,3.0,,3.0,2025-07-08 23:08:35,2025-07-08 20:59:23,GTERI,21.0,
410,1,201,-23.329606,-51.177442,-23.329606,-51.177442,3.0,3.0,3.0,2025-07-08 23:09:21,2025-07-08 23:09:21,GTGSS,21.0,0.0
412,1,202,-23.329606,-51.177442,,,3.0,,3.0,2025-07-08 23:11:35,2025-07-08 23:11:33,GTERI,21.0,
415,1,203,-23.329606,-51.177442,,,3.0,,3.0,2025-07-08 23:14:35,2025-07-08 23:14:33,GTERI,21.0,
418,1,204,-23.329606,-51.177442,,,3.0,,3.0,2025-07-08 23:16:32,2025-07-08 23:16:31,GTPDP,21.0,
419,1,205,-23.329606,-51.177442,-23.329606,-51.177442,3.0,3.0,3.0,2025-07-08 23:17:35,2025-07-08 23:17:33,GTERI,21.0,0.0
420,1,206,-23.329606,-51.177442,-23.329606,-51.177442,3.0,3.0,3.0,2025-07-08 23:20:35,2025-07-08 23:20:33,GTERI,21.0,0.0
422,1,207,-23.329606,-51.177442,,,3.0,,3.0,2025-07-08 23:23:35,2025-07-08 23:23:34,GTERI,21.0,
425,1,208,-23.329606,-51.177442,,,3.0,,3.0,2025-07-08 23:26:35,2025-07-08 23:26:33,GTERI,21.0,
427,1,209,-23.329606,-51.177442,,,3.0,,3.0,2025-07-08 23:29:35,2025-07-08 23:29:33,GTERI,21.0,
430,1,210,-23.329606,-51.177442,,,3.0,,3.0,2025-07-08 23:32:35,2025-07-08 23:32:33,GTERI,21.0,
432,1,211,-23.329606,-51.177442,,,3.0,,3.0,2025-07-08 23:35:35,2025-07-08 23:35:34,GTERI,21.0,
435,1,212,-23.329606,-51.177442,,,3.0,,3.0,2025-07-08 23:38:35,2025-07-08 23:38:33,GTERI,21.0,
437,1,213,-23.329606,-51.177442,,,3.0,,3.0,2025-07-08 23:41:35,2025-07-08 23:41:33,GTERI,21.0,
440,1,214,-23.329606,-51.177442,,,3.0,,3.0,2025-07-08 23:44:35,2025-07-08 23:44:33,GTERI,21.0,
442,1,215,-23.329606,-51.177442,,,3.0,,3.0,2025-07-08 23:47:35,2025-07-08 23:47:33,GTERI,21.0,
445,1,216,-23.329606,-51.177442,,,3.0,,3.0,2025-07-08 23:50:35,2025-07-08 23:50:34,GTERI,21.0,
447,1,217,-23.329606,-51.177442,,,3.0,,3.0,2025-07-08 23:53:35,2025-07-08 23:53:33,GTERI,21.0,
450,1,218,-23.329606,-51.177442,,,3.0,,3.0,2025-07-08 23:56:35,2025-07-08 23:56:33,GTERI,21.0,
452,1,219,-23.329606,-51.177442,,,3.0,,3.0,2025-07-08 23:59:35,2025-07-08 23:59:33,GTERI,21.0,
455,1,220,-23.329606,-51.177442,,,3.0,,3.0,2025-07-09 00:02:35,2025-07-09 00:02:33,GTERI,21.0,
457,1,221,-23.329606,-51.177442,,,3.0,,3.0,2025-07-09 00:05:35,2025-07-09 00:05:34,GTERI,21.0,
460,1,222,-23.329606,-51.177442,,,3.0,,3.0,2025-07-09 00:08:35,2025-07-09 00:08:33,GTERI,21.0,
462,1,223,-23.329606,-51.177442,,,3.0,,3.0,2025-07-09 00:11:35,2025-07-09 00:11:33,GTERI,21.0,
465,1,224,-23.329606,-51.177442,,,3.0,,3.0,2025-07-09 00:14:35,2025-07-09 00:14:33,GTERI,21.0,
467,1,225,-23.329606,-51.177442,,,3.0,,3.0,2025-07-09 00:17:35,2025-07-09 00:17:33,GTERI,21.0,
470,1,226,-23.329606,-51.177442,,,3.0,,3.0,2025-07-09 00:20:35,2025-07-09 00:20:33,GTERI,21.0,
472,1,227,-23.329606,-51.177442,,,3.0,,3.0,2025-07-09 00:23:35,2025-07-09 00:23:33,GTERI,21.0,
475,1,228,-23.329606,-51.177442,,,3.0,,3.0,2025-07-09 00:26:35,2025-07-09 00:26:34,GTERI,21.0,
477,1,229,-23.329606,-51.177442,,,3.0,,3.0,2025-07-09 00:29:35,2025-07-09 00:29:33,GTERI,21.0,
480,1,230,-23.329606,-51.177442,,,3.0,,3.0,2025-07-09 00:32:35,2025-07-09 00:32:33,GTERI,21.0,
482,1,231,-23.329606,-51.177442,,,3.0,,3.0,2025-07-09 00:35:35,2025-07-09 00:35:34,GTERI,21.0,
485,1,232,-23.329606,-51.177442,,,3.0,,3.0,2025-07-09 00:38:35,2025-07-09 00:38:33,GTERI,21.0,
487,1,233,-23.329606,-51.177442,,,3.0,,3.0,2025-07-09 00:41:35,2025-07-09 00:41:34,GTERI,21.0,
490,1,234,-23.329606,-51.177442,,,3.0,,3.0,2025-07-09 00:44:35,2025-07-09 00:44:33,GTERI,21.0,
492,1,235,-23.329606,-51.177442,,,3.0,,3.0,2025-07-09 00:47:35,2025-07-09 00:47:33,GTERI,21.0,
495,1,236,-23.329606,-51.177442,,,3.0,,3.0,2025-07-09 00:50:35,2025-07-09 00:50:34,GTERI,21.0,
497,1,237,-23.329606,-51.177442,,,3.0,,3.0,2025-07-09 00:53:35,2025-07-09 00:53:33,GTERI,21.0,
500,1,238,-23.329606,-51.177442,,,3.0,,3.0,2025-07-09 00:56:35,2025-07-09 00:56:34,GTERI,21.0,
502,1,239,-23.329606,-51.177442,,,3.0,,3.0,2025-07-09 00:59:35,2025-07-09 00:59:33,GTERI,21.0,
505,1,240,-23.329606,-51.177442,,,3.0,,3.0,2025-07-09 01:02:35,2025-07-09 01:02:33,GTERI,21.0,
507,1,241,-23.329606,-51.177442,,,3.0,,3.0,2025-07-09 01:05:35,2025-07-09 01:05:33,GTERI,21.0,
510,1,242,-23.329606,-51.177442,,,3.0,,3.0,2025-07-09 01:08:35,2025-07-09 01:08:33,GTERI,21.0,
512,1,243,-23.329606,-51.177442,,,3.0,,3.0,2025-07-09 01:11:35,2025-07-09 01:08:33,GTERI,21.0,
515,1,244,-23.329606,-51.177442,,,3.0,,3.0,2025-07-09 01:14:35,2025-07-09 01:14:33,GTERI,21.0,
517,1,245,-23.329606,-51.177442,,,3.0,,3.0,2025-07-09 01:17:35,2025-07-09 01:17:33,GTERI,21.0,
520,1,246,-23.329606,-51.177442,,,3.0,,3.0,2025-07-09 01:20:35,2025-07-09 01:20:33,GTERI,21.0,
522,1,247,-23.329606,-51.177442,,,3.0,,3.0,2025-07-09 01:23:35,2025-07-09 01:23:33,GTERI,21.0,
525,1,248,-23.329606,-51.177442,,,3.0,,3.0,2025-07-09 01:26:35,2025-07-09 01:26:34,GTERI,21.0,
527,1,249,-23.329606,-51.177442,,,3.0,,3.0,2025-07-09 01:29:35,2025-07-09 01:26:34,GTERI,21.0,
530,1,250,-23.329606,-51.177442,,,3.0,,3.0,2025-07-09 01:32:35,2025-07-09 01:26:34,GTERI,21.0,
532,1,251,-23.329606,-51.177442,,,3.0,,3.0,2025-07-09 01:35:35,2025-07-09 01:26:34,GTERI,21.0,
535,1,252,-23.329606,-51.177442,,,3.0,,3.0,2025-07-09 01:38:35,2025-07-09 01:26:34,GTERI,21.0,
536,1,253,-23.329606,-51.177442,-23.329606,-51.177442,3.0,3.0,3.0,2025-07-09 01:39:09,2025-07-09 01:29:05,GTGSS,21.0,0.0
538,1,254,-23.329606,-51.177442,,,3.0,,3.0,2025-07-09 01:41:35,2025-07-09 01:29:05,GTERI,21.0,
541,1,255,-23.329606,-51.177442,,,3.0,,3.0,2025-07-09 01:44:35,2025-07-09 01:29:05,GTERI,21.0,
543,1,256,-23.329606,-51.177442,,,3.0,,3.0,2025-07-09 01:47:35,2025-07-09 01:29:05,GTERI,21.0,
546,1,257,-23.329606,-51.177442,,,3.0,,3.0,2025-07-09 01:50:35,2025-07-09 01:29:05,GTERI,21.0,
548,1,258,-23.329606,-51.177442,,,3.0,,3.0,2025-07-09 01:53:35,2025-07-09 01:29:05,GTERI,21.0,
551,1,259,-23.329606,-51.177442,,,3.0,,3.0,2025-07-09 01:56:35,2025-07-09 01:29:05,GTERI,21.0,
553,1,260,-23.329606,-51.177442,,,3.0,,3.0,2025-07-09 01:59:35,2025-07-09 01:29:05,GTERI,21.0,
556,1,261,-23.329606,-51.177442,,,3.0,,3.0,2025-07-09 02:02:35,2025-07-09 01:29:05,GTERI,21.0,
558,1,262,-23.329606,-51.177442,,,3.0,,3.0,2025-07-09 02:05:35,2025-07-09 01:29:05,GTERI,21.0,
561,1,263,-23.329606,-51.177442,,,3.0,,3.0,2025-07-09 02:08:35,2025-07-09 01:29:05,GTERI,21.0,
563,1,264,-23.329606,-51.177442,,,3.0,,3.0,2025-07-09 02:11:35,2025-07-09 01:29:05,GTERI,21.0,
566,1,265,-23.329606,-51.177442,,,3.0,,3.0,2025-07-09 02:14:35,2025-07-09 01:29:05,GTERI,21.0,
568,1,266,-23.329606,-51.177442,,,3.0,,3.0,2025-07-09 02:17:35,2025-07-09 01:29:05,GTERI,21.0,
571,1,267,-23.329606,-51.177442,,,3.0,,3.0,2025-07-09 02:20:35,2025-07-09 01:29:05,GTERI,21.0,
573,1,268,-23.329606,-51.177442,,,3.0,,3.0,2025-07-09 02:23:35,2025-07-09 01:29:05,GTERI,21.0,
576,1,269,-23.329606,-51.177442,,,3.0,,3.0,2025-07-09 02:26:35,2025-07-09 01:29:05,GTERI,21.0,
578,1,270,-23.329606,-51.177442,,,3.0,,3.0,2025-07-09 02:29:35,2025-07-09 01:29:05,GTERI,21.0,
581,1,271,-23.329606,-51.177442,,,3.0,,3.0,2025-07-09 02:32:35,2025-07-09 01:29:05,GTERI,21.0,
583,1,272,-23.329606,-51.177442,,,3.0,,3.0,2025-07-09 02:35:35,2025-07-09 01:29:05,GTERI,21.0,
586,1,273,-23.329606,-51.177442,,,3.0,,3.0,2025-07-09 02:38:35,2025-07-09 01:29:05,GTERI,21.0,
588,1,274,-23.329606,-51.177442,,,3.0,,3.0,2025-07-09 02:41:35,2025-07-09 01:29:05,GTERI,21.0,
591,1,275,-23.329606,-51.177442,,,3.0,,3.0,2025-07-09 02:44:35,2025-07-09 01:29:05,GTERI,21.0,
593,1,276,-23.329606,-51.177442,,,3.0,,3.0,2025-07-09 02:47:35,2025-07-09 01:29:05,GTERI,21.0,
596,1,277,-23.329606,-51.177442,,,3.0,,3.0,2025-07-09 02:50:35,2025-07-09 01:29:05,GTERI,21.0,
598,1,278,-23.329606,-51.177442,,,3.0,,3.0,2025-07-09 02:53:35,2025-07-09 01:29:05,GTERI,21.0,
601,1,279,-23.329606,-51.177442,,,3.0,,3.0,2025-07-09 02:56:35,2025-07-09 01:29:05,GTERI,21.0,
603,1,280,-23.329606,-51.177442,,,3.0,,3.0,2025-07-09 02:59:35,2025-07-09 01:29:05,GTERI,21.0,
606,1,281,-23.329606,-51.177442,,,3.0,,3.0,2025-07-09 03:02:35,2025-07-09 01:29:05,GTERI,21.0,
608,1,282,-23.329606,-51.177442,,,3.0,,3.0,2025-07-09 03:05:35,2025-07-09 01:29:05,GTERI,21.0,
611,1,283,-23.329606,-51.177442,,,3.0,,3.0,2025-07-09 03:08:35,2025-07-09 01:29:05,GTERI,21.0,
613,1,284,-23.329606,-51.177442,,,3.0,,3.0,2025-07-09 03:11:35,2025-07-09 01:29:05,GTERI,21.0,
616,1,285,-23.329606,-51.177442,,,3.0,,3.0,2025-07-09 03:14:35,2025-07-09 01:29:05,GTERI,21.0,
618,1,286,-23.329606,-51.177442,,,3.0,,3.0,2025-07-09 03:17:35,2025-07-09 01:29:05,GTERI,21.0,
621,1,287,-23.329606,-51.177442,,,3.0,,3.0,2025-07-09 03:20:35,2025-07-09 01:29:05,GTERI,21.0,
623,1,288,-23.329606,-51.177442,,,3.0,,3.0,2025-07-09 03:23:35,2025-07-09 01:29:05,GTERI,21.0,
626,1,289,-23.329606,-51.177442,,,3.0,,3.0,2025-07-09 03:26:35,2025-07-09 01:29:05,GTERI,21.0,
628,1,290,-23.329606,-51.177442,,,3.0,,3.0,2025-07-09 03:29:35,2025-07-09 01:29:05,GTERI,21.0,
631,1,291,-23.329606,-51.177442,,,3.0,,3.0,2025-07-09 03:32:35,2025-07-09 01:29:05,GTERI,21.0,
633,1,292,-23.329606,-51.177442,,,3.0,,3.0,2025-07-09 03:35:35,2025-07-09 01:29:05,GTERI,21.0,
636,1,293,-23.329606,-51.177442,,,3.0,,3.0,2025-07-09 03:38:35,2025-07-09 01:29:05,GTERI,21.0,
638,1,294,-23.329606,-51.177442,,,3.0,,3.0,2025-07-09 03:41:35,2025-07-09 01:29:05,GTERI,21.0,
641,1,295,-23.329606,-51.177442,,,3.0,,3.0,2025-07-09 03:44:35,2025-07-09 01:29:05,GTERI,21.0,
643,1,296,-23.329606,-51.177442,,,3.0,,3.0,2025-07-09 03:47:35,2025-07-09 01:29:05,GTERI,21.0,
646,1,297,-23.329606,-51.177442,,,3.0,,3.0,2025-07-09 03:50:35,2025-07-09 01:29:05,GTERI,21.0,
648,1,298,-23.329606,-51.177442,,,3.0,,3.0,2025-07-09 03:53:35,2025-07-09 01:29:05,GTERI,21.0,
651,1,299,-23.329606,-51.177442,,,3.0,,3.0,2025-07-09 03:56:35,2025-07-09 01:29:05,GTERI,21.0,
653,1,300,-23.329606,-51.177442,,,3.0,,3.0,2025-07-09 03:59:35,2025-07-09 01:29:05,GTERI,21.0,
656,1,301,-23.329606,-51.177442,,,3.0,,3.0,2025-07-09 04:02:35,2025-07-09 01:29:05,GTERI,21.0,
658,1,302,-23.329606,-51.177442,,,3.0,,3.0,2025-07-09 04:05:35,2025-07-09 01:29:05,GTERI,21.0,
661,1,303,-23.329606,-51.177442,,,3.0,,3.0,2025-07-09 04:08:35,2025-07-09 01:29:05,GTERI,21.0,
663,1,304,-23.329606,-51.177442,,,3.0,,3.0,2025-07-09 04:11:35,2025-07-09 01:29:05,GTERI,21.0,
666,1,305,-23.329606,-51.177442,,,3.0,,3.0,2025-07-09 04:14:35,2025-07-09 01:29:05,GTERI,21.0,
668,1,306,-23.329606,-51.177442,,,3.0,,3.0,2025-07-09 04:17:35,2025-07-09 01:29:05,GTERI,21.0,
671,1,307,-23.329606,-51.177442,,,3.0,,3.0,2025-07-09 04:20:35,2025-07-09 01:29:05,GTERI,21.0,
673,1,308,-23.329606,-51.177442,,,3.0,,3.0,2025-07-09 04:23:35,2025-07-09 01:29:05,GTERI,21.0,
676,1,309,-23.329606,-51.177442,,,3.0,,3.0,2025-07-09 04:26:35,2025-07-09 01:29:05,GTERI,21.0,
678,1,310,-23.329606,-51.177442,,,3.0,,3.0,2025-07-09 04:29:35,2025-07-09 01:29:05,GTERI,21.0,
681,1,311,-23.329606,-51.177442,,,3.0,,3.0,2025-07-09 04:32:35,2025-07-09 01:29:05,GTERI,21.0,
683,1,312,-23.329606,-51.177442,,,3.0,,3.0,2025-07-09 04:35:35,2025-07-09 01:29:05,GTERI,21.0,
686,1,313,-23.329606,-51.177442,,,3.0,,3.0,2025-07-09 04:38:35,2025-07-09 01:29:05,GTERI,21.0,
688,1,314,-23.329606,-51.177442,,,3.0,,3.0,2025-07-09 04:41:35,2025-07-09 01:29:05,GTERI,21.0,
691,1,315,-23.329606,-51.177442,,,3.0,,3.0,2025-07-09 04:44:35,2025-07-09 01:29:05,GTERI,21.0,
692,1,316,-23.329606,-51.177442,-23.329606,-51.177442,3.0,3.0,3.0,2025-07-09 04:45:27,2025-07-09 04:45:27,GTGSS,21.0,0.0
693,1,317,-23.329606,-51.177442,-23.329606,-51.177442,3.0,3.0,3.0,2025-07-09 04:45:30,2025-07-09 04:45:30,GTSTT,22.0,0.0
694,1,318,-23.32982,-51.177505,-23.329606,-51.177442,3.0,3.0,3.0,2025-07-09 04:46:30,2025-07-09 04:46:30,GTSTT,21.0,24.64985242577346
696,1,319,-23.329887,-51.177603,,,3.0,,3.0,2025-07-09 04:47:35,2025-07-09 04:47:34,GTERI,21.0,
699,1,320,-23.329887,-51.177603,,,3.0,,3.0,2025-07-09 04:50:35,2025-07-09 04:50:34,GTERI,21.0,
701,1,321,-23.329887,-51.177603,,,3.0,,3.0,2025-07-09 04:53:35,2025-07-09 04:53:33,GTERI,21.0,
704,1,322,-23.329887,-51.177603,,,3.0,,3.0,2025-07-09 04:56:35,2025-07-09 04:56:34,GTERI,21.0,
706,1,323,-23.329887,-51.177603,,,3.0,,3.0,2025-07-09 04:59:35,2025-07-09 04:59:33,GTERI,21.0,
709,1,324,-23.329887,-51.177603,,,3.0,,3.0,2025-07-09 05:02:35,2025-07-09 05:02:34,GTERI,21.0,
711,1,325,-23.329887,-51.177603,,,3.0,,3.0,2025-07-09 05:05:35,2025-07-09 05:05:34,GTERI,21.0,
714,1,326,-23.329887,-51.177603,,,3.0,,3.0,2025-07-09 05:08:35,2025-07-09 05:08:33,GTERI,21.0,
716,1,327,-23.329887,-51.177603,,,3.0,,3.0,2025-07-09 05:09:36,2025-07-09 05:09:35,GTPDP,21.0,
717,1,328,-23.329887,-51.177603,-23.329887,-51.177603,3.0,3.0,3.0,2025-07-09 05:11:35,2025-07-09 05:11:33,GTERI,21.0,0.0
720,1,329,-23.329887,-51.177603,,,3.0,,3.0,2025-07-09 05:14:35,2025-07-09 05:14:34,GTERI,21.0,
722,1,330,-23.329887,-51.177603,,,3.0,,3.0,2025-07-09 05:17:35,2025-07-09 05:17:33,GTERI,21.0,
725,1,331,-23.329887,-51.177603,,,3.0,,3.0,2025-07-09 05:20:35,2025-07-09 05:20:34,GTERI,21.0,
727,1,332,-23.329887,-51.177603,,,3.0,,3.0,2025-07-09 05:23:35,2025-07-09 05:23:33,GTERI,21.0,
730,1,333,-23.329887,-51.177603,,,3.0,,3.0,2025-07-09 05:26:35,2025-07-09 05:26:33,GTERI,21.0,
732,1,334,-23.329887,-51.177603,,,3.0,,3.0,2025-07-09 05:29:35,2025-07-09 05:29:34,GTERI,21.0,
735,1,335,-23.329887,-51.177603,,,3.0,,3.0,2025-07-09 05:32:35,2025-07-09 05:32:34,GTERI,21.0,
737,1,336,-23.329887,-51.177603,,,3.0,,3.0,2025-07-09 05:35:35,2025-07-09 05:35:34,GTERI,21.0,
740,1,337,-23.329887,-51.177603,,,3.0,,3.0,2025-07-09 05:38:35,2025-07-09 05:38:33,GTERI,21.0,
742,1,338,-23.329887,-51.177603,,,3.0,,3.0,2025-07-09 05:41:35,2025-07-09 05:41:34,GTERI,21.0,
745,1,339,-23.329887,-51.177603,,,3.0,,3.0,2025-07-09 05:44:35,2025-07-09 05:44:33,GTERI,21.0,
747,1,340,-23.329887,-51.177603,,,3.0,,3.0,2025-07-09 05:47:35,2025-07-09 05:47:33,GTERI,21.0,
750,1,341,-23.329887,-51.177603,,,3.0,,3.0,2025-07-09 05:50:35,2025-07-09 05:50:33,GTERI,21.0,
752,1,342,-23.329887,-51.177603,,,3.0,,3.0,2025-07-09 05:53:35,2025-07-09 05:53:34,GTERI,21.0,
755,1,343,-23.329887,-51.177603,,,3.0,,3.0,2025-07-09 05:56:35,2025-07-09 05:56:33,GTERI,21.0,
757,1,344,-23.329887,-51.177603,,,3.0,,3.0,2025-07-09 05:59:35,2025-07-09 05:59:34,GTERI,21.0,
760,1,345,-23.329887,-51.177603,,,3.0,,3.0,2025-07-09 06:02:35,2025-07-09 06:02:33,GTERI,21.0,
762,1,346,-23.329887,-51.177603,,,3.0,,3.0,2025-07-09 06:05:35,2025-07-09 06:05:34,GTERI,21.0,
765,1,347,-23.329887,-51.177603,,,3.0,,3.0,2025-07-09 06:08:35,2025-07-09 06:08:34,GTERI,21.0,
767,1,348,-23.329887,-51.177603,,,3.0,,3.0,2025-07-09 06:11:35,2025-07-09 06:11:33,GTERI,21.0,
770,1,349,-23.329887,-51.177603,,,3.0,,3.0,2025-07-09 06:14:35,2025-07-09 06:14:34,GTERI,21.0,
772,1,350,-23.329887,-51.177603,,,3.0,,3.0,2025-07-09 06:17:35,2025-07-09 06:17:33,GTERI,21.0,
775,1,351,-23.329887,-51.177603,,,3.0,,3.0,2025-07-09 06:20:35,2025-07-09 06:20:34,GTERI,21.0,
777,1,352,-23.329887,-51.177603,,,3.0,,3.0,2025-07-09 06:23:35,2025-07-09 06:20:34,GTERI,21.0,
780,1,353,-23.329887,-51.177603,,,3.0,,3.0,2025-07-09 06:26:35,2025-07-09 06:20:34,GTERI,21.0,
781,1,354,-23.329887,-51.177603,-23.329887,-51.177603,3.0,3.0,3.0,2025-07-09 06:27:09,2025-07-09 06:21:31,GTSTT,22.0,0.0
783,1,355,-23.329809,-51.17747,,,3.2,,3.2,2025-07-09 06:29:24,2025-07-09 06:28:55,GTSTT,21.0,
784,1,356,-23.329887,-51.177603,-23.329809,-51.17747,3.2,3.2,3.2,2025-07-09 06:29:35,2025-07-09 06:20:34,GTERI,21.0,16.11321718973559
787,1,357,-23.329809,-51.17747,,,3.2,,3.2,2025-07-09 06:32:34,2025-07-09 06:32:07,GTSTT,22.0,
788,1,358,-23.329887,-51.177603,-23.329809,-51.17747,3.2,3.2,3.2,2025-07-09 06:32:35,2025-07-09 06:20:34,GTERI,22.0,16.11321718973559
789,1,359,-23.329809,-51.17747,-23.329887,-51.177603,3.2,3.2,3.2,2025-07-09 06:33:39,2025-07-09 06:32:07,GTSTT,21.0,16.11321718973559
791,1,360,-23.329809,-51.17747,,,3.2,,3.2,2025-07-09 06:34:57,2025-07-09 06:32:07,GTSTT,22.0,
792,1,361,-23.329887,-51.177603,-23.329809,-51.17747,3.2,3.2,3.2,2025-07-09 06:35:35,2025-07-09 06:20:34,GTERI,22.0,16.11321718973559
794,1,362,-23.329809,-51.17747,,,3.2,,3.2,2025-07-09 06:36:34,2025-07-09 06:32:07,GTSTT,21.0,
796,1,363,-23.329887,-51.177603,,,3.2,,3.2,2025-07-09 06:38:35,2025-07-09 06:20:34,GTERI,21.0,
798,1,364,-23.329887,-51.177603,,,3.2,,3.2,2025-07-09 06:41:35,2025-07-09 06:20:34,GTERI,21.0,
800,1,365,-23.329809,-51.17747,,,3.2,,3.2,2025-07-09 06:42:11,2025-07-09 06:32:07,GTGSS,21.0,
801,1,366,-23.329809,-51.17747,-23.329809,-51.17747,3.2,3.2,3.2,2025-07-09 06:42:23,2025-07-09 06:42:23,GTGSS,21.0,0.0
802,1,367,-23.329809,-51.17747,-23.329809,-51.17747,3.2,3.2,3.2,2025-07-09 06:42:26,2025-07-09 06:42:26,GTSTT,22.0,0.0
803,1,368,-23.329661,-51.177905,-23.329809,-51.17747,3.3,3.2,3.3,2025-07-09 06:43:40,2025-07-09 06:43:40,GTSTT,21.0,47.3659953728209
805,1,369,-23.329754,-51.178276,,,3.3,,3.3,2025-07-09 06:44:35,2025-07-09 06:44:34,GTERI,21.0,
806,1,370,-23.329754,-51.178276,-23.329754,-51.178276,3.3,3.3,3.3,2025-07-09 06:45:32,2025-07-09 06:44:44,GTSTT,22.0,0.0
808,1,371,-23.33004,-51.178107,,,3.4,,3.4,2025-07-09 06:47:34,2025-07-09 06:46:40,GTSTT,21.0,
809,1,372,-23.329754,-51.178276,-23.33004,-51.178107,3.4,3.4,3.4,2025-07-09 06:47:35,2025-07-09 06:44:34,GTERI,21.0,36.181590738821114
812,1,373,-23.329754,-51.178276,,,3.4,,3.4,2025-07-09 06:50:35,2025-07-09 06:44:34,GTERI,21.0,
814,1,374,-23.329754,-51.178276,,,3.4,,3.4,2025-07-09 06:53:35,2025-07-09 06:44:34,GTERI,21.0,
817,1,375,-23.329754,-51.178276,,,3.4,,3.4,2025-07-09 06:56:35,2025-07-09 06:44:34,GTERI,21.0,
818,1,376,-23.33004,-51.178107,-23.329754,-51.178276,3.4,3.4,3.4,2025-07-09 06:56:44,2025-07-09 06:46:40,GTGSS,21.0,36.181590738821114
820,1,377,-23.33004,-51.178107,,,3.4,,3.4,2025-07-09 06:59:35,2025-07-09 06:46:40,GTERI,21.0,
823,1,378,-23.33004,-51.178107,,,3.4,,3.4,2025-07-09 07:02:35,2025-07-09 06:46:40,GTERI,21.0,
825,1,379,-23.33004,-51.178107,,,3.4,,3.4,2025-07-09 07:05:35,2025-07-09 06:46:40,GTERI,21.0,
828,1,380,-23.33004,-51.178107,,,3.4,,3.4,2025-07-09 07:08:35,2025-07-09 06:46:40,GTERI,21.0,
830,1,381,-23.33004,-51.178107,,,3.4,,3.4,2025-07-09 07:11:35,2025-07-09 06:46:40,GTERI,21.0,
833,1,382,-23.33004,-51.178107,,,3.4,,3.4,2025-07-09 07:14:35,2025-07-09 06:46:40,GTERI,21.0,
835,1,383,-23.33004,-51.178107,,,3.4,,3.4,2025-07-09 07:17:35,2025-07-09 06:46:40,GTERI,21.0,
838,1,384,-23.33004,-51.178107,,,3.4,,3.4,2025-07-09 07:20:35,2025-07-09 06:46:40,GTERI,21.0,
840,1,385,-23.33004,-51.178107,,,3.4,,3.4,2025-07-09 07:23:35,2025-07-09 06:46:40,GTERI,21.0,
843,1,386,-23.33004,-51.178107,,,3.4,,3.4,2025-07-09 07:26:35,2025-07-09 06:46:40,GTERI,21.0,
845,1,387,-23.33004,-51.178107,,,3.4,,3.4,2025-07-09 07:29:35,2025-07-09 06:46:40,GTERI,21.0,
848,1,388,-23.33004,-51.178107,,,3.4,,3.4,2025-07-09 07:32:35,2025-07-09 06:46:40,GTERI,21.0,
850,1,389,-23.33004,-51.178107,,,3.4,,3.4,2025-07-09 07:35:35,2025-07-09 06:46:40,GTERI,21.0,
853,1,390,-23.33004,-51.178107,,,3.4,,3.4,2025-07-09 07:38:15,2025-07-09 06:46:40,GTSTT,22.0,
854,1,391,-23.33004,-51.178107,-23.33004,-51.178107,3.4,3.4,3.4,2025-07-09 07:38:35,2025-07-09 06:46:40,GTERI,22.0,0.0
855,1,392,-23.33004,-51.178107,-23.33004,-51.178107,3.4,3.4,3.4,2025-07-09 07:38:35,2025-07-09 06:46:40,GTSTT,21.0,0.0
856,1,393,-23.33004,-51.178107,-23.33004,-51.178107,3.4,3.4,3.4,2025-07-09 07:38:42,2025-07-09 06:46:40,GTSTT,22.0,0.0
858,1,394,-23.33004,-51.178107,,,3.4,,3.4,2025-07-09 07:40:09,2025-07-09 06:46:40,GTSTT,21.0,
859,1,395,-23.33004,-51.178107,-23.33004,-51.178107,3.4,3.4,3.4,2025-07-09 07:41:35,2025-07-09 06:46:40,GTERI,21.0,0.0
861,1,396,-23.33004,-51.178107,,,3.4,,3.4,2025-07-09 07:42:30,2025-07-09 06:46:40,GTSTT,22.0,
862,1,397,-23.33004,-51.178107,-23.33004,-51.178107,3.4,3.4,3.4,2025-07-09 07:43:12,2025-07-09 06:46:40,GTSTT,21.0,0.0
864,1,398,-23.33004,-51.178107,,,3.4,,3.4,2025-07-09 07:44:35,2025-07-09 06:46:40,GTERI,21.0,
866,1,399,-23.33004,-51.178107,,,3.4,,3.4,2025-07-09 07:47:35,2025-07-09 06:46:40,GTERI,21.0,
868,1,400,-23.33004,-51.178107,,,3.4,,3.4,2025-07-09 07:48:30,2025-07-09 06:46:40,GTSTT,22.0,
869,1,401,-23.33004,-51.178107,-23.33004,-51.178107,3.4,3.4,3.4,2025-07-09 07:49:16,2025-07-09 06:46:40,GTSTT,21.0,0.0
870,1,402,-23.33004,-51.178107,-23.33004,-51.178107,3.4,3.4,3.4,2025-07-09 07:49:35,2025-07-09 06:46:40,GTSTT,22.0,0.0
872,1,403,-23.33004,-51.178107,,,3.4,,3.4,2025-07-09 07:50:04,2025-07-09 06:46:40,GTSTT,21.0,
873,1,404,-23.33004,-51.178107,-23.33004,-51.178107,3.4,3.4,3.4,2025-07-09 07:50:16,2025-07-09 06:46:40,GTSTT,22.0,0.0
874,1,405,-23.33004,-51.178107,-23.33004,-51.178107,3.4,3.4,3.4,2025-07-09 07:50:35,2025-07-09 06:46:40,GTERI,22.0,0.0
875,1,406,-23.33004,-51.178107,-23.33004,-51.178107,3.4,3.4,3.4,2025-07-09 07:50:54,2025-07-09 06:46:40,GTSTT,21.0,0.0
877,1,407,-23.33004,-51.178107,,,3.4,,3.4,2025-07-09 07:53:35,2025-07-09 06:46:40,GTERI,21.0,
880,1,408,-23.33004,-51.178107,,,3.4,,3.4,2025-07-09 07:56:35,2025-07-09 06:46:40,GTERI,21.0,
882,1,409,-23.33004,-51.178107,,,3.4,,3.4,2025-07-09 07:58:29,2025-07-09 06:46:40,GTSTT,22.0,
883,1,410,-23.33004,-51.178107,-23.33004,-51.178107,3.4,3.4,3.4,2025-07-09 07:59:15,2025-07-09 06:46:40,GTSTT,21.0,0.0
884,1,411,-23.33004,-51.178107,-23.33004,-51.178107,3.4,3.4,3.4,2025-07-09 07:59:35,2025-07-09 06:46:40,GTERI,21.0,0.0
887,1,412,-23.33004,-51.178107,,,3.4,,3.4,2025-07-09 08:02:20,2025-07-09 06:46:40,GTSTT,22.0,
888,1,413,-23.33004,-51.178107,-23.33004,-51.178107,3.4,3.4,3.4,2025-07-09 08:02:35,2025-07-09 06:46:40,GTERI,22.0,0.0
889,1,414,-23.33004,-51.178107,-23.33004,-51.178107,3.4,3.4,3.4,2025-07-09 08:02:40,2025-07-09 06:46:40,GTSTT,21.0,0.0
891,1,415,-23.33004,-51.178107,,,3.4,,3.4,2025-07-09 08:05:35,2025-07-09 06:46:40,GTERI,21.0,
894,1,416,-23.33004,-51.178107,,,3.4,,3.4,2025-07-09 08:07:55,2025-07-09 06:46:40,GTSTT,22.0,
895,1,417,-23.33004,-51.178107,-23.33004,-51.178107,3.4,3.4,3.4,2025-07-09 08:08:16,2025-07-09 06:46:40,GTSTT,21.0,0.0
896,1,418,-23.33004,-51.178107,-23.33004,-51.178107,3.4,3.4,3.4,2025-07-09 08:08:35,2025-07-09 06:46:40,GTERI,21.0,0.0
897,1,419,-23.33004,-51.178107,-23.33004,-51.178107,3.4,3.4,3.4,2025-07-09 08:08:51,2025-07-09 06:46:40,GTSTT,22.0,0.0
899,1,420,-23.33004,-51.178107,,,3.4,,3.4,2025-07-09 08:10:16,2025-07-09 06:46:40,GTSTT,21.0,
900,1,421,-23.33004,-51.178107,-23.33004,-51.178107,3.4,3.4,3.4,2025-07-09 08:11:35,2025-07-09 06:46:40,GTERI,21.0,0.0
906,1,422,-23.33004,-51.178107,-23.33004,-51.178107,3.4,3.4,3.4,2025-07-09 08:14:35,2025-07-09 06:46:40,GTERI,21.0,0.0
905,1,423,-23.33004,-51.178107,,,3.4,,3.4,2025-07-09 08:14:35,2025-07-09 06:46:40,GTERI,21.0,
908,1,424,-23.33004,-51.178107,,,3.4,,3.4,2025-07-09 08:17:35,2025-07-09 06:46:40,GTERI,21.0,
911,1,425,-23.33004,-51.178107,,,3.4,,3.4,2025-07-09 08:20:35,2025-07-09 06:46:40,GTERI,21.0,
912,1,426,-23.33004,-51.178107,-23.33004,-51.178107,3.4,3.4,3.4,2025-07-09 08:20:41,2025-07-09 06:46:40,GTSTT,22.0,0.0
913,1,427,-23.33004,-51.178107,-23.33004,-51.178107,3.4,3.4,3.4,2025-07-09 08:21:01,2025-07-09 06:46:40,GTSTT,21.0,0.0
914,1,428,-23.33004,-51.178107,-23.33004,-51.178107,3.4,3.4,3.4,2025-07-09 08:21:32,2025-07-09 06:46:40,GTSTT,22.0,0.0
916,1,429,-23.33004,-51.178107,,,3.4,,3.4,2025-07-09 08:23:25,2025-07-09 06:46:40,GTSTT,21.0,
917,1,430,-23.33004,-51.178107,-23.33004,-51.178107,3.4,3.4,3.4,2025-07-09 08:23:35,2025-07-09 06:46:40,GTERI,21.0,0.0
919,1,431,-23.33004,-51.178107,,,3.4,,3.4,2025-07-09 08:24:13,2025-07-09 06:46:40,GTSTT,22.0,
920,1,432,-23.33004,-51.178107,-23.33004,-51.178107,3.4,3.4,3.4,2025-07-09 08:25:24,2025-07-09 06:46:40,GTSTT,21.0,0.0
921,1,433,-23.33004,-51.178107,-23.33004,-51.178107,3.4,3.4,3.4,2025-07-09 08:25:36,2025-07-09 06:46:40,GTSTT,22.0,0.0
923,1,434,-23.33004,-51.178107,,,3.4,,3.4,2025-07-09 08:26:35,2025-07-09 06:46:40,GTERI,22.0,
924,1,435,-23.33004,-51.178107,-23.33004,-51.178107,3.4,3.4,3.4,2025-07-09 08:26:49,2025-07-09 06:46:40,GTSTT,21.0,0.0
925,1,436,-23.33004,-51.178107,-23.33004,-51.178107,3.4,3.4,3.4,2025-07-09 08:26:55,2025-07-09 06:46:40,GTSTT,22.0,0.0
