Data/Hora Inclusão,Data/Hora Evento,GNSS UTC Time,MS GNSS UTC Time,IMEI,Sequência,Tipo Mensagem,Máscara Report,Máscara ERI,Tipo Dispositivo,Versão Protocolo,Versão Firmware,Bateria Interna,Alimentação Externa,Analog Input Mode,Analog Input1 Voltage,Digital Input Status,Digital Output Status,Motion Status,Satélites,MS Satellite Number,Duração da Ignição,Precisão GNSS,MS GNSS Accuracy,Velocidade,Max Speed,Azimuth,MS Azimuth,Altitude,MS Altitude,Latitude,MS Latitude,Longitude,MS Longitude,MCC,MNC,LAC,Cell ID,Hodômetro Atual,Hodômetro Total,MS Mileage,Horímetro Atual,Horímetro Total,Motivo Power Off,Motivo Power On,ID,ID Report Type,Comando Customizado,Battery Status,Backup Battery Voltage,Network Type,RAT,Band,IGN Trigger Data,GNSS Trigger Type,Position Report Type,GNSS Signal Status,
2025-09-29 11:36:50,,,,867488068342780,4184,HBD
2025-09-29 11:38:50,,,,867488068342780,4185,HBD
2025-09-29 11:40:51,,,,867488068342780,4186,HBD
2025-09-29 11:42:51,,,,867488068342780,4187,HBD
2025-09-29 11:44:52,,,,867488068342780,4188,HBD
2025-09-29 11:46:52,,,,867488068342780,4189,HBD
2025-09-29 11:48:52,,,,867488068342780,4190,HBD
2025-09-29 11:50:53,,,,867488068342780,4191,HBD
2025-09-29 11:52:53,,,,867488068342780,4192,HBD
2025-09-29 11:54:54,,,,867488068342780,4193,HBD
2025-09-29 11:56:54,,,,867488068342780,4194,HBD
2025-09-29 11:58:55,,,,867488068342780,4195,HBD
2025-09-29 12:00:55,,,,867488068342780,4196,HBD
2025-09-29 12:01:34,2025-09-29 12:01:33,2025-09-29 07:56:38,2025-09-29 07:56:38,867488068342780,4197,GTERI,0x19fe3fbf,0x00028102,802003,0x8303,0x0115,100,12961,0000,-,00,00,11,12,12,-,00,00,15.1,15.1,343,343,537,537,-23.329063,-23.329063,-51.178393,-51.178393,0724,0006,c4a7,07a71434,16.3,0.0,0.0,0:47:24,59:13:34,-,-,0,-,,,,,04,28,00000000,00,10,,
2025-09-29 12:02:56,,,,867488068342780,4198,HBD
2025-09-29 12:04:56,,,,867488068342780,4199,HBD
2025-09-29 12:06:57,,,,867488068342780,4200,HBD
2025-09-29 12:08:47,,,,867488068342780,4201,HBD
2025-09-29 12:08:47,2025-09-29 12:08:47,2025-09-29 07:57:16,2025-09-28 16:04:32,867488068342780,4203,GTIGN,0x19fe7fbf,,802003,0x8303,0x0115,100,12279,0000,0000,01,00,22,12,12,15130,00,01,0.0,95.4,357,284,547,582,-23.328049,-23.321104,-51.178313,-51.204733,0724,0006,c4a7,07a71434,0.0,0.0,2246.4,0:00:00,59:13:34,-,-,0,-
2025-09-29 12:08:47,2025-09-29 12:08:47,2025-09-29 07:57:16,2025-09-29 07:57:16,867488068342780,4204,GTSTT,0x19fe7fbf,,802003,0x8303,0x0115,100,12279,0000,0000,01,00,22,12,12,-,00,00,0.0,0.0,357,357,547,547,-23.328049,-23.328049,-51.178313,-51.178313,0724,0006,c4a7,07a71434,0.0,0.0,0.0,0:00:00,59:13:34,-,-,0,-
2025-09-29 12:09:33,2025-09-29 12:09:33,2025-09-29 12:09:33,2025-09-29 12:09:33,867488068342780,4205,GTERI,0x19fe3fbf,0x00028102,802003,0x8303,0x0115,100,14394,0000,-,01,00,22,12,12,-,01,01,6.2,6.2,182,182,585,585,-23.329767,-23.329767,-51.177494,-51.177494,0724,0006,c4a7,07a71434,0.2,0.2,0.2,0:00:45,59:14:19,-,-,0,-,,,,,04,28,00000000,00,10,,
2025-09-29 12:09:33,2025-09-29 12:09:33,2025-09-29 12:09:33,2025-09-29 12:09:33,867488068342780,4206,GTIGL,0x19fe7fbf,,802003,0x8303,0x0115,100,14394,0000,0000,01,00,22,12,12,-,01,01,6.2,6.2,182,182,585,585,-23.329767,-23.329767,-51.177494,-51.177494,0724,0006,c4a7,07a71434,0.2,0.2,0.2,0:00:45,59:14:19,-,-,0,-,,,,,,,,,00
2025-09-29 12:10:58,,,,867488068342780,4208,HBD
2025-09-29 12:11:54,2025-09-29 12:11:54,2025-09-29 12:11:53,2025-09-29 12:10:31,867488068342780,4210,GTERI,0x19fe3fbf,0x00028102,802003,0x8303,0x0115,100,14208,0000,-,01,00,22,12,12,-,01,01,7.5,43.6,181,182,604,587,-23.334347,-23.331487,-51.177578,-51.177504,0724,0006,c4a7,07a6d817,0.7,0.7,0.4,0:03:06,59:16:40,-,-,0,-,,,,,04,3,00000000,00,10,,
2025-09-29 12:12:52,,,,867488068342780,4211,HBD
2025-09-29 12:12:52,,,,867488068342780,4213,ACK
2025-09-29 12:12:52,,,,867488068342780,4214,ACK
2025-09-29 12:12:53,,,,867488068342780,4215,ACK
2025-09-29 12:13:08,2025-09-29 12:13:08,2025-09-29 12:13:08,2025-09-29 12:13:08,867488068342780,4217,GTERI,0x19fe3fbf,0x00028102,802003,0x8303,0x0115,100,14137,0000,-,01,00,22,12,12,-,01,01,23.7,23.7,123,123,611,611,-23.335428,-23.335428,-51.17772,-51.17772,0724,0006,c4a7,07a6d803,0.8,0.8,0.8,0:04:21,59:17:55,-,-,0,-,,,,,04,7,00000000,00,11,,
2025-09-29 12:13:11,2025-09-29 12:13:11,2025-09-29 12:13:11,2025-09-29 12:13:11,867488068342780,4218,GTERI,0x19fe3fbf,0x00028102,802003,0x8303,0x0115,100,14203,0000,-,01,00,22,12,12,-,01,01,25.7,25.7,71,71,609,609,-23.335439,-23.335439,-51.177525,-51.177525,0724,0006,c4a7,07a6d803,0.8,0.8,0.8,0:04:24,59:17:58,-,-,0,-,,,,,04,7,00000000,00,11,,
2025-09-29 12:14:54,,,,867488068342780,4220,HBD
2025-09-29 12:14:54,2025-09-29 12:14:54,2025-09-29 12:14:53,2025-09-29 12:14:22,867488068342780,4222,GTERI,0x19fe3fbf,0x00028102,802003,0x8303,0x0115,100,13859,0000,-,01,00,22,12,12,-,01,01,0.0,44.1,71,93,572,581,-23.334844,-23.334795,-51.171771,-51.173276,0724,0006,c4a7,07a6d803,1.4,1.4,1.3,0:06:06,59:19:40,-,-,0,-,,,,,04,7,00000000,00,10,,
2025-09-29 12:14:57,2025-09-29 12:14:57,2025-09-29 12:14:57,2025-09-29 12:14:57,867488068342780,4224,GTERI,0x19fe3fbf,0x00028102,802003,0x8303,0x0115,100,13989,0000,-,01,00,22,12,12,-,01,01,14.0,14.0,9,9,572,572,-23.334832,-23.334832,-51.171773,-51.171773,0724,0006,c4a7,07a6d803,1.4,1.4,1.4,0:06:09,59:19:43,-,-,0,-,,,,,04,7,00000000,00,11,,
2025-09-29 12:15:04,2025-09-29 12:15:04,2025-09-29 12:15:04,2025-09-29 12:14:59,867488068342780,4225,GTERI,0x19fe3fbf,0x00028102,802003,0x8303,0x0115,100,14000,0000,-,01,00,22,12,12,-,01,01,6.9,15.6,65,345,570,571,-23.334645,-23.33476,-51.171735,-51.171775,0724,0006,c4a7,07a6d803,1.4,1.4,1.4,0:06:15,59:19:49,-,-,0,-,,,,,04,7,00000000,00,11,,
2025-09-29 12:15:06,2025-09-29 12:15:06,2025-09-29 12:15:06,2025-09-29 12:15:06,867488068342780,4226,GTERI,0x19fe3fbf,0x00028102,802003,0x8303,0x0115,100,14174,0000,-,01,00,22,12,12,-,01,01,11.6,11.6,118,118,571,571,-23.334654,-23.334654,-51.171683,-51.171683,0724,0006,c4a7,07a6d803,1.4,1.4,1.4,0:06:18,59:19:52,-,-,0,-,,,,,04,7,00000000,00,11,,
2025-09-29 12:15:15,2025-09-29 12:15:15,2025-09-29 12:15:15,2025-09-29 12:15:08,867488068342780,4227,GTERI,0x19fe3fbf,0x00028102,802003,0x8303,0x0115,100,13942,0000,-,01,00,22,12,12,-,01,01,5.5,9.1,170,120,572,571,-23.334744,-23.334678,-51.171548,-51.171644,0724,0006,c4a7,07a6d803,1.4,1.4,1.4,0:06:27,59:20:01,-,-,0,-,,,,,04,7,00000000,00,11,,
2025-09-29 12:15:20,2025-09-29 12:15:20,2025-09-29 12:15:20,2025-09-29 12:15:20,867488068342780,4228,GTERI,0x19fe3fbf,0x00028102,802003,0x8303,0x0115,100,13942,0000,-,01,00,22,12,12,-,01,01,3.2,3.2,338,338,572,572,-23.334747,-23.334747,-51.171549,-51.171549,0724,0006,c4a7,07a6d803,1.4,1.4,1.4,0:06:33,59:20:07,-,-,0,-,,,,,04,7,00000000,00,11,,
2025-09-29 12:15:30,2025-09-29 12:15:30,2025-09-29 12:15:30,2025-09-29 12:15:30,867488068342780,4229,GTIGF,0x19fe7fbf,,802003,0x8303,0x0115,100,13988,0000,0000,00,00,12,12,12,403,01,01,0.0,0.0,338,338,573,573,-23.334698,-23.334698,-51.17153,-51.17153,0724,0006,c4a7,07a6d803,1.4,1.4,1.4,0:06:42,59:20:16,-,-,0,-
2025-09-29 12:15:30,2025-09-29 12:15:30,2025-09-29 12:15:30,2025-09-29 12:15:30,867488068342780,4230,GTSTT,0x19fe7fbf,,802003,0x8303,0x0115,100,13988,0000,0000,00,00,12,12,12,-,01,01,0.0,0.0,338,338,573,573,-23.334698,-23.334698,-51.17153,-51.17153,0724,0006,c4a7,07a6d803,1.4,1.4,1.4,0:06:42,59:20:16,-,-,0,-
2025-09-29 12:15:31,2025-09-29 12:15:31,2025-09-29 12:15:31,2025-09-29 12:15:31,867488068342780,4231,GTIGL,0x19fe7fbf,,802003,0x8303,0x0115,100,13988,0000,0000,00,00,12,12,12,-,01,01,0.0,0.0,338,338,573,573,-23.334698,-23.334698,-51.17153,-51.17153,0724,0006,c4a7,07a6d803,1.4,1.4,1.4,0:06:42,59:20:16,-,-,0,-,,,,,,,,,01
2025-09-29 12:15:32,,,,867488068342780,4232,ACK
2025-09-29 12:15:32,,,,867488068342780,4233,ACK
2025-09-29 12:16:02,2025-09-29 12:16:02,2025-09-29 12:16:02,2025-09-29 12:16:02,867488068342780,4234,GTSTT,0x19fe7fbf,,802003,0x8303,0x0115,100,13197,0000,0000,00,00,11,12,12,-,01,01,0.0,0.0,338,338,573,573,-23.334698,-23.334698,-51.17153,-51.17153,0724,0006,c4a7,07a6d803,1.4,1.4,1.4,0:06:42,59:20:16,-,-,0,-
2025-09-29 12:16:59,,,,867488068342780,4235,HBD
2025-09-29 12:17:54,2025-09-29 12:17:54,2025-09-29 12:17:52,2025-09-29 12:17:52,867488068342780,4237,GTERI,0x19fe3fbf,0x00028102,802003,0x8303,0x0115,100,13139,0000,-,00,00,11,12,12,-,01,01,0.0,0.0,338,338,573,573,-23.334698,-23.334698,-51.17153,-51.17153,0724,0006,c4a7,07a6d803,1.4,1.4,1.4,0:06:42,59:20:16,-,-,0,-,,,,,04,7,00000000,00,10,,
2025-09-29 12:18:59,,,,867488068342780,4238,HBD
2025-09-29 12:19:58,2025-09-29 12:19:58,2025-09-29 12:19:57,2025-09-29 12:15:23,867488068342780,4241,GTIGN,0x19fe7fbf,,802003,0x8303,0x0115,100,12710,0000,0000,01,00,22,12,12,268,01,01,0.0,4.7,338,18,573,573,-23.334698,-23.334714,-51.17153,-51.17154,0724,0006,c4a7,07a6d803,0.0,1.4,1.4,0:00:00,59:20:16,-,-,0,-
2025-09-29 12:19:58,2025-09-29 12:19:58,2025-09-29 12:19:57,2025-09-29 12:19:57,867488068342780,4242,GTSTT,0x19fe7fbf,,802003,0x8303,0x0115,100,12710,0000,0000,01,00,22,12,12,-,01,01,0.0,0.0,338,338,573,573,-23.334698,-23.334698,-51.17153,-51.17153,0724,0006,c4a7,07a6d803,0.0,1.4,1.4,0:00:00,59:20:16,-,-,0,-
2025-09-29 12:19:59,2025-09-29 12:19:59,2025-09-29 12:19:59,2025-09-29 12:19:59,867488068342780,4243,GTIGL,0x19fe7fbf,,802003,0x8303,0x0115,100,12710,0000,0000,01,00,22,12,12,-,01,01,0.0,0.0,338,338,573,573,-23.334698,-23.334698,-51.17153,-51.17153,0724,0006,c4a7,07a6d803,0.0,1.4,1.4,0:00:00,59:20:16,-,-,0,-,,,,,,,,,00
2025-09-29 12:20:08,2025-09-29 12:20:08,2025-09-29 12:20:08,2025-09-29 12:20:08,867488068342780,4244,GTERI,0x19fe3fbf,0x00028102,802003,0x8303,0x0115,100,12553,0000,-,01,00,22,12,12,-,01,01,7.4,7.4,215,215,573,573,-23.334699,-23.334699,-51.171535,-51.171535,0724,0006,c4a7,07a6d803,0.0,1.4,1.4,0:00:09,59:20:25,-,-,0,-,,,,,04,7,00000000,00,11,,
2025-09-29 12:20:18,2025-09-29 12:20:18,2025-09-29 12:20:18,2025-09-29 12:20:18,867488068342780,4245,GTERI,0x19fe3fbf,0x00028102,802003,0x8303,0x0115,100,14075,0000,-,01,00,22,12,12,-,01,01,13.4,13.4,262,262,576,576,-23.334755,-23.334755,-51.171649,-51.171649,0724,0006,c4a7,07a6d803,0.0,1.4,1.4,0:00:18,59:20:34,-,-,0,-,,,,,04,7,00000000,00,11,,
2025-09-29 12:20:54,,,,867488068342780,4246,HBD
2025-09-29 12:20:54,2025-09-29 12:20:54,2025-09-29 12:20:52,2025-09-29 12:20:39,867488068342780,4247,GTERI,0x19fe3fbf,0x00028102,802003,0x8303,0x0115,100,13967,0000,-,01,00,22,12,12,-,01,01,0.2,36.3,262,272,584,582,-23.334628,-23.334682,-51.174088,-51.173325,0724,0006,c4a7,07a6d8f2,0.3,1.7,1.6,0:00:54,59:21:10,-,-,0,-,,,,,04,7,00000000,00,10,,
2025-09-29 12:22:28,2025-09-29 12:22:28,2025-09-29 12:22:28,2025-09-29 12:21:49,867488068342780,4249,GTERI,0x19fe3fbf,0x00028102,802003,0x8303,0x0115,100,13923,0000,-,01,00,22,12,12,-,01,01,13.9,42.7,307,258,608,590,-23.335112,-23.334766,-51.177398,-51.17531,0724,0006,c4a7,07a6d803,0.6,2.0,1.8,0:02:30,59:22:46,-,-,0,-,,,,,04,7,00000000,00,11,,
2025-09-29 12:22:33,2025-09-29 12:22:33,2025-09-29 12:22:33,2025-09-29 12:22:33,867488068342780,4250,GTERI,0x19fe3fbf,0x00028102,802003,0x8303,0x0115,100,14055,0000,-,01,00,22,12,12,-,01,01,32.3,32.3,359,359,607,607,-23.334868,-23.334868,-51.177509,-51.177509,0724,0006,c4a7,07a6d803,0.6,2.1,2.1,0:02:33,59:22:49,-,-,0,-,,,,,04,7,00000000,00,11,,
2025-09-29 12:22:38,,,,867488068342780,4251,ACK
2025-09-29 12:22:38,2025-09-29 12:22:38,2025-09-29 12:22:38,2025-09-29 12:22:38,867488068342780,4252,GTSPD,0x19fe7fbf,,802003,0x8303,0x0115,100,14116,0000,0000,01,00,22,12,12,-,01,01,45.7,45.7,1,1,602,602,-23.334334,-23.334334,-51.177494,-51.177494,0724,0006,c4a7,07a6d803,0.7,2.1,2.1,0:02:39,59:22:55,-,-,0,-,,,,,,,,,00
2025-09-29 12:22:42,,,,867488068342780,4253,HBD
2025-09-29 12:22:42,2025-09-29 12:22:42,2025-09-29 12:22:42,2025-09-29 12:22:39,867488068342780,4254,GTSPD,0x19fe7fbf,,802003,0x8303,0x0115,100,14082,0000,0000,01,00,22,12,12,-,01,01,43.5,45.4,1,1,599,601,-23.333884,-23.33422,-51.177478,-51.17749,0724,0006,c4a7,07a6d803,0.7,2.2,2.1,0:02:42,59:22:58,-,-,0,-,,,,,,,,,01
2025-09-29 12:22:43,,,,867488068342780,4255,ACK
2025-09-29 12:23:42,2025-09-29 12:23:42,2025-09-29 12:23:42,2025-09-29 12:22:43,867488068342780,4256,GTERI,0x19fe3fbf,0x00028102,802003,0x8303,0x0115,100,13963,0000,-,01,00,22,12,12,-,01,01,18.4,43.2,45,1,574,598,-23.330714,-23.333775,-51.177288,-51.177475,0724,0006,c4a7,07a7140c,1.1,2.5,2.2,0:03:42,59:23:58,-,-,0,-,,,,,04,1,00000000,00,11,,
2025-09-29 12:23:47,2025-09-29 12:23:47,2025-09-29 12:23:47,2025-09-29 12:23:47,867488068342780,4257,GTERI,0x19fe3fbf,0x00028102,802003,0x8303,0x0115,100,13913,0000,-,01,00,22,12,12,-,01,01,31.9,31.9,349,349,572,572,-23.330429,-23.330429,-51.17715,-51.17715,0724,0006,c4a7,07a7140c,1.1,2.5,2.5,0:03:48,59:24:04,-,-,0,-,,,,,04,1,00000000,00,11,,
2025-09-29 12:23:50,2025-09-29 12:23:50,2025-09-29 12:23:50,2025-09-29 12:23:49,867488068342780,4259,GTERI,0x19fe3fbf,0x00028102,802003,0x8303,0x0115,100,13913,0000,-,01,00,22,12,12,-,01,01,29.7,30.7,292,310,573,572,-23.330266,-23.330301,-51.177314,-51.177244,0724,0006,c4a7,07a7140c,1.1,2.6,2.5,0:03:51,59:24:07,-,-,0,-,,,,,04,1,00000000,00,11,,
2025-09-29 12:23:54,2025-09-29 12:23:54,2025-09-29 12:23:52,2025-09-29 12:23:51,867488068342780,4260,GTERI,0x19fe3fbf,0x00028102,802003,0x8303,0x0115,100,13956,0000,-,01,00,22,12,12,-,01,01,24.9,27.5,255,273,574,573,-23.330265,-23.330255,-51.177457,-51.177389,0724,0006,c4a7,07a71402,1.2,2.6,2.6,0:03:54,59:24:10,-,-,0,-,,,,,04,7,00000000,00,10,,
2025-09-29 12:24:03,,,,867488068342780,4262,ACK
2025-09-29 12:24:03,,,,867488068342780,4263,ACK
2025-09-29 12:24:03,,,,867488068342780,4264,ACK
2025-09-29 12:24:09,2025-09-29 12:24:09,2025-09-29 12:24:09,2025-09-29 12:24:05,867488068342780,4265,GTERI,0x19fe3fbf,0x00028102,802003,0x8303,0x0115,100,13874,0000,-,01,00,22,12,12,-,01,01,21.1,27.0,302,272,578,578,-23.330347,-23.330388,-51.178452,-51.1782,0724,0006,c4a7,07a71402,1.2,2.7,2.7,0:04:09,59:24:25,-,-,0,-,,,,,04,7,00000000,00,11,,
2025-09-29 12:24:11,2025-09-29 12:24:11,2025-09-29 12:24:11,2025-09-29 12:24:11,867488068342780,4266,GTERI,0x19fe3fbf,0x00028102,802003,0x8303,0x0115,100,13874,0000,-,01,00,22,12,12,-,01,01,22.8,22.8,351,351,578,578,-23.330248,-23.330248,-51.1785,-51.1785,0724,0006,c4a7,07a71402,1.3,2.7,2.7,0:04:12,59:24:28,-,-,0,-,,,,,04,7,00000000,00,11,,
2025-09-29 12:24:47,,,,867488068342780,4269,HBD
2025-09-29 12:24:47,2025-09-29 12:24:47,2025-09-29 12:24:47,2025-09-29 12:24:44,867488068342780,4270,GTERI,0x19fe3fbf,0x00028102,802003,0x8303,0x0115,100,13933,0000,-,01,00,22,12,12,-,01,01,9.9,10.9,46,14,564,565,-23.328499,-23.328564,-51.178286,-51.178334,0724,0006,c4a7,07a71401,1.4,2.9,2.9,0:04:48,59:25:04,-,-,0,-,,,,,04,7,00000000,00,11,,
2025-09-29 12:24:57,2025-09-29 12:24:57,2025-09-29 12:24:57,2025-09-29 12:24:57,867488068342780,4271,GTERI,0x19fe3fbf,0x00028102,802003,0x8303,0x0115,100,13919,0000,-,01,00,22,12,12,-,01,01,18.1,18.1,92,92,564,564,-23.328473,-23.328473,-51.178133,-51.178133,0724,0006,c4a7,07a71401,1.4,2.9,2.9,0:04:57,59:25:13,-,-,0,-,,,,,04,7,00000000,00,11,,
2025-09-29 12:25:17,2025-09-29 12:25:17,2025-09-29 12:25:17,2025-09-29 12:25:02,867488068342780,4272,GTERI,0x19fe3fbf,0x00028102,802003,0x8303,0x0115,100,13923,0000,-,01,00,22,12,12,-,01,01,15.6,26.9,160,98,557,562,-23.328658,-23.328496,-51.177423,-51.1778,0724,0006,c4a7,07a71401,1.5,3.0,2.9,0:05:18,59:25:34,-,-,0,-,,,,,04,7,00000000,00,11,,
2025-09-29 12:25:35,2025-09-29 12:25:35,2025-09-29 12:25:35,2025-09-29 12:25:27,867488068342780,4273,GTERI,0x19fe3fbf,0x00028102,802003,0x8303,0x0115,100,13757,0000,-,01,00,22,12,12,-,01,01,5.0,30.5,223,186,566,562,-23.329631,-23.329255,-51.177534,-51.177469,0724,0006,c4a7,07a71402,1.6,3.1,3.0,0:05:36,59:25:52,-,-,0,-,,,,,04,7,00000000,00,11,,
2025-09-29 12:25:38,2025-09-29 12:25:38,2025-09-29 12:25:38,2025-09-29 12:25:36,867488068342780,4274,GTERI,0x19fe3fbf,0x00028102,802003,0x8303,0x0115,100,13757,0000,-,01,00,22,12,12,-,01,01,4.0,6.4,274,241,567,567,-23.329633,-23.329636,-51.177562,-51.177548,0724,0006,c4a7,07a71402,1.6,3.1,3.1,0:05:39,59:25:55,-,-,0,-,,,,,04,7,00000000,00,11,,
2025-09-29 12:25:47,2025-09-29 12:25:47,2025-09-29 12:25:47,2025-09-29 12:25:46,867488068342780,4275,GTERI,0x19fe3fbf,0x00028102,802003,0x8303,0x0115,100,13823,0000,-,01,00,22,12,11,-,01,01,10.4,14.1,350,298,570,569,-23.329538,-23.329548,-51.1776,-51.177623,0724,0006,c4a7,07a7140c,1.6,3.1,3.1,0:05:48,59:26:04,-,-,0,-,,,,,04,1,00000000,00,11,,
2025-09-29 12:26:31,2025-09-29 12:26:31,2025-09-29 12:26:26,2025-09-29 12:26:26,867488068342780,4277,GTIGF,0x19fe7fbf,,802003,0x8303,0x0115,100,13823,0000,0000,00,00,12,9,9,393,01,01,6.0,6.0,350,350,606,606,-23.329298,-23.329298,-51.177975,-51.177975,0724,0006,c4a7,07a71434,1.7,3.1,3.1,0:06:30,59:26:46,-,-,0,-
2025-09-29 12:26:31,2025-09-29 12:26:31,2025-09-29 12:26:26,2025-09-29 12:26:26,867488068342780,4278,GTSTT,0x19fe7fbf,,802003,0x8303,0x0115,100,13823,0000,0000,00,00,12,9,9,-,01,01,6.0,6.0,350,350,606,606,-23.329298,-23.329298,-51.177975,-51.177975,0724,0006,c4a7,07a71434,1.7,3.1,3.1,0:06:30,59:26:46,-,-,0,-
2025-09-29 12:26:31,2025-09-29 12:26:31,2025-09-29 12:25:47,2025-09-29 12:25:47,867488068342780,4279,GTIGL,0x19fe7fbf,,802003,0x8303,0x0115,100,13823,0000,0000,00,00,12,12,12,-,00,00,10.4,10.4,350,350,570,570,-23.329538,-23.329538,-51.1776,-51.1776,0724,0006,c4a7,07a71434,1.7,3.1,3.1,0:06:30,59:26:46,-,-,0,-,,,,,,,,,01
2025-09-29 12:26:33,,,,867488068342780,4280,ACK
2025-09-29 12:26:33,,,,867488068342780,4281,ACK
2025-09-29 12:26:54,,,,867488068342780,4282,HBD
2025-09-29 12:26:54,2025-09-29 12:26:54,2025-09-29 12:25:47,2025-09-29 12:25:47,867488068342780,4283,GTERI,0x19fe3fbf,0x00028102,802003,0x8303,0x0115,100,13135,0000,-,00,00,12,12,12,-,00,00,10.4,10.4,350,350,570,570,-23.329538,-23.329538,-51.1776,-51.1776,0724,0006,c4a7,07a71434,1.7,3.1,3.1,0:06:30,59:26:46,-,-,0,-,,,,,04,28,00000000,00,10,,
2025-09-29 12:27:01,2025-09-29 12:27:01,2025-09-29 12:26:44,2025-09-29 12:26:44,867488068342780,4284,GTSTT,0x19fe7fbf,,802003,0x8303,0x0115,100,13135,0000,0000,00,00,11,3,3,-,00,00,20.8,20.8,321,321,596,596,-23.328266,-23.328266,-51.178673,-51.178673,0724,0006,c4a7,07a71434,1.7,3.1,3.1,0:06:30,59:26:46,-,-,0,-
2025-09-29 12:29:02,,,,867488068342780,4285,HBD
2025-09-29 12:29:54,2025-09-29 12:29:54,2025-09-29 12:25:47,2025-09-29 12:25:47,867488068342780,4286,GTERI,0x19fe3fbf,0x00028102,802003,0x8303,0x0115,100,13116,0000,-,00,00,11,12,12,-,00,00,10.4,10.4,350,350,570,570,-23.329538,-23.329538,-51.1776,-51.1776,0724,0006,c4a7,07a71434,1.7,3.1,3.1,0:06:30,59:26:46,-,-,0,-,,,,,04,28,00000000,00,10,,
2025-09-29 12:31:02,,,,867488068342780,4287,HBD
2025-09-29 12:31:34,2025-09-29 12:31:34,2025-09-29 12:25:47,2025-09-29 12:25:47,867488068342780,4288,GTERI,0x19fe3fbf,0x00028102,802003,0x8303,0x0115,100,13094,0000,-,00,00,11,12,12,-,00,00,10.4,10.4,350,350,570,570,-23.329538,-23.329538,-51.1776,-51.1776,0724,0006,c4a7,07a71434,1.7,3.1,3.1,0:06:30,59:26:46,-,-,0,-,,,,,04,28,00000000,00,10,,
2025-09-29 12:33:03,,,,867488068342780,4289,HBD
2025-09-29 12:35:03,,,,867488068342780,4290,HBD
2025-09-29 12:37:04,,,,867488068342780,4291,HBD
2025-09-29 12:39:04,,,,867488068342780,4292,HBD
2025-09-29 12:41:05,,,,867488068342780,4293,HBD
2025-09-29 12:43:05,,,,867488068342780,4294,HBD
2025-09-29 12:45:05,,,,867488068342780,4295,HBD
2025-09-29 12:47:06,,,,867488068342780,4296,HBD
2025-09-29 12:49:06,,,,867488068342780,4297,HBD
2025-09-29 12:51:07,,,,867488068342780,4298,HBD
2025-09-29 12:53:07,,,,867488068342780,4299,HBD
2025-09-29 12:55:08,,,,867488068342780,4300,HBD
2025-09-29 12:57:08,,,,867488068342780,4301,HBD
2025-09-29 12:59:09,,,,867488068342780,4302,HBD
2025-09-29 13:01:09,,,,867488068342780,4303,HBD
2025-09-29 13:03:10,,,,867488068342780,4304,HBD
2025-09-29 13:05:10,,,,867488068342780,4305,HBD
2025-09-29 13:07:11,,,,867488068342780,4306,HBD
2025-09-29 13:09:11,,,,867488068342780,4307,HBD
2025-09-29 13:11:12,,,,867488068342780,4308,HBD
2025-09-29 13:13:12,,,,867488068342780,4309,HBD
2025-09-29 13:15:12,,,,867488068342780,4310,HBD
2025-09-29 13:17:13,,,,867488068342780,4311,HBD
2025-09-29 13:19:13,,,,867488068342780,4312,HBD
2025-09-29 13:21:14,,,,867488068342780,4313,HBD
2025-09-29 13:23:14,,,,867488068342780,4314,HBD
2025-09-29 13:23:34,,,,867488068342780,4314,HBD
2025-09-29 13:25:15,,,,867488068342780,4315,HBD
2025-09-29 13:27:15,,,,867488068342780,4316,HBD
2025-09-29 13:29:16,,,,867488068342780,4317,HBD
2025-09-29 13:31:16,,,,867488068342780,4318,HBD
2025-09-29 13:31:26,2025-09-29 13:31:26,2025-09-29 12:25:47,2025-09-29 12:25:47,867488068342780,4319,GTERI,0x19fe3fbf,0x00028102,802003,0x8303,0x0115,100,13001,0000,-,00,00,11,12,12,-,00,00,10.4,10.4,350,350,570,570,-23.329538,-23.329538,-51.1776,-51.1776,0724,0006,c4a7,07a71434,1.7,3.1,3.1,0:06:30,59:26:46,-,-,0,-,,,,,04,28,00000000,00,10,,
2025-09-29 13:33:17,,,,867488068342780,4320,HBD
2025-09-29 13:35:17,,,,867488068342780,4321,HBD
2025-09-29 13:37:18,,,,867488068342780,4322,HBD
2025-09-29 13:39:18,,,,867488068342780,4323,HBD
2025-09-29 13:41:19,,,,867488068342780,4324,HBD
2025-09-29 13:43:19,,,,867488068342780,4325,HBD
2025-09-29 13:45:19,,,,867488068342780,4326,HBD
2025-09-29 13:47:20,,,,867488068342780,4327,HBD
2025-09-29 13:49:20,,,,867488068342780,4328,HBD
2025-09-29 13:51:21,,,,867488068342780,4329,HBD
2025-09-29 13:53:21,,,,867488068342780,4330,HBD
2025-09-29 13:55:22,,,,867488068342780,4331,HBD
2025-09-29 13:57:22,,,,867488068342780,4332,HBD
2025-09-29 13:59:23,,,,867488068342780,4333,HBD
2025-09-29 14:01:23,,,,867488068342780,4334,HBD
2025-09-29 14:03:24,,,,867488068342780,4335,HBD
2025-09-29 14:05:24,,,,867488068342780,4336,HBD
2025-09-29 14:07:25,,,,867488068342780,4337,HBD
2025-09-29 14:09:25,,,,867488068342780,4338,HBD
2025-09-29 14:11:26,,,,867488068342780,4339,HBD
2025-09-29 14:13:26,,,,867488068342780,4340,HBD
2025-09-29 14:13:26,,,,867488068342780,,AT+GTCFG
2025-09-29 14:15:27,,,,867488068342780,4341,HBD
2025-09-29 14:17:27,,,,867488068342780,4342,HBD
2025-09-29 14:19:27,,,,867488068342780,4343,HBD
2025-09-29 14:21:28,,,,867488068342780,4344,HBD
2025-09-29 14:23:29,,,,867488068342780,4345,HBD
2025-09-29 14:25:29,,,,867488068342780,4346,HBD
2025-09-29 14:27:29,,,,867488068342780,4347,HBD
2025-09-29 14:29:30,,,,867488068342780,4348,HBD
2025-09-29 14:31:26,,,,867488068342780,4349,HBD
2025-09-29 14:31:26,2025-09-29 14:31:26,2025-09-29 12:25:47,2025-09-29 12:25:47,867488068342780,4350,GTERI,0x19fe3fbf,0x00028102,802003,0x8303,0x0115,100,12962,0000,-,00,00,11,12,12,-,00,00,10.4,10.4,350,350,570,570,-23.329538,-23.329538,-51.1776,-51.1776,0724,0006,c4a7,07a71434,1.7,3.1,3.1,0:06:30,59:26:46,-,-,0,-,,,,,04,28,00000000,00,10,,
2025-09-29 14:33:31,,,,867488068342780,4351,HBD
2025-09-29 14:35:31,,,,867488068342780,4352,HBD
2025-09-29 14:37:31,,,,867488068342780,4353,HBD
2025-09-29 14:39:32,,,,867488068342780,4354,HBD
2025-09-29 14:41:32,,,,867488068342780,4355,HBD
2025-09-29 14:43:33,,,,867488068342780,4356,HBD
2025-09-29 14:45:33,,,,867488068342780,4357,HBD
2025-09-29 14:47:34,,,,867488068342780,4358,HBD
2025-09-29 14:49:34,,,,867488068342780,4359,HBD
2025-09-29 14:51:35,,,,867488068342780,4360,HBD
2025-09-29 14:53:35,,,,867488068342780,4361,HBD
2025-09-29 14:55:36,,,,867488068342780,4362,HBD
2025-09-29 14:57:36,,,,867488068342780,4363,HBD
2025-09-29 14:59:37,,,,867488068342780,4364,HBD
2025-09-29 15:01:37,,,,867488068342780,4365,HBD
2025-09-29 15:03:38,,,,867488068342780,4366,HBD
2025-09-29 15:05:38,,,,867488068342780,4367,HBD
2025-09-29 15:07:39,,,,867488068342780,4368,HBD
2025-09-29 15:09:39,,,,867488068342780,4369,HBD
2025-09-29 15:11:39,,,,867488068342780,4370,HBD
2025-09-29 15:13:40,,,,867488068342780,4371,HBD
2025-09-29 15:14:40,,,,867488068342780,4372,HBD
2025-09-29 15:16:41,,,,867488068342780,4373,HBD
2025-09-29 15:18:41,,,,867488068342780,4374,HBD
2025-09-29 15:20:41,,,,867488068342780,4375,HBD
2025-09-29 15:22:42,,,,867488068342780,4376,HBD
2025-09-29 15:24:42,,,,867488068342780,4377,HBD
2025-09-29 15:26:43,,,,867488068342780,4378,HBD
2025-09-29 15:28:43,,,,867488068342780,4379,HBD
2025-09-29 15:30:44,,,,867488068342780,4380,HBD
2025-09-29 15:31:26,2025-09-29 15:31:26,2025-09-29 12:25:47,2025-09-29 12:25:47,867488068342780,4381,GTERI,0x19fe3fbf,0x00028102,802003,0x8303,0x0115,100,12925,0000,-,00,00,11,12,12,-,00,00,10.4,10.4,350,350,570,570,-23.329538,-23.329538,-51.1776,-51.1776,0724,0006,c4a7,07a71434,1.7,3.1,3.1,0:06:30,59:26:46,-,-,0,-,,,,,04,28,00000000,00,10,,
2025-09-29 15:32:44,,,,867488068342780,4382,HBD
2025-09-29 15:34:45,,,,867488068342780,4383,HBD
2025-09-29 15:36:45,,,,867488068342780,4384,HBD
2025-09-29 15:38:46,,,,867488068342780,4385,HBD
2025-09-29 15:40:46,,,,867488068342780,4386,HBD
2025-09-29 15:42:47,,,,867488068342780,4387,HBD
2025-09-29 15:44:47,,,,867488068342780,4388,HBD
2025-09-29 15:46:47,,,,867488068342780,4389,HBD
2025-09-29 15:48:48,,,,867488068342780,4390,HBD
2025-09-29 15:50:48,,,,867488068342780,4391,HBD
2025-09-29 15:52:49,,,,867488068342780,4392,HBD
2025-09-29 15:54:49,,,,867488068342780,4393,HBD
2025-09-29 15:56:50,,,,867488068342780,4394,HBD
2025-09-29 15:58:50,,,,867488068342780,4395,HBD
2025-09-29 16:00:51,,,,867488068342780,4396,HBD
2025-09-29 16:02:51,,,,867488068342780,4397,HBD
2025-09-29 16:04:52,,,,867488068342780,4398,HBD
2025-09-29 16:06:52,,,,867488068342780,4399,HBD
2025-09-29 16:08:53,,,,867488068342780,4400,HBD
2025-09-29 16:10:53,,,,867488068342780,4401,HBD
2025-09-29 16:12:54,,,,867488068342780,4402,HBD
2025-09-29 16:14:54,,,,867488068342780,4403,HBD
2025-09-29 16:16:54,,,,867488068342780,4404,HBD
2025-09-29 16:18:55,,,,867488068342780,4405,HBD
2025-09-29 16:20:55,,,,867488068342780,4406,HBD
2025-09-29 16:22:56,,,,867488068342780,4407,HBD
2025-09-29 16:24:56,,,,867488068342780,4408,HBD
2025-09-29 16:26:57,,,,867488068342780,4409,HBD
2025-09-29 16:28:57,,,,867488068342780,4410,HBD
2025-09-29 16:30:58,,,,867488068342780,4411,HBD
2025-09-29 16:31:26,2025-09-29 16:31:26,2025-09-29 12:25:47,2025-09-29 12:25:47,867488068342780,4412,GTERI,0x19fe3fbf,0x00028102,802003,0x8303,0x0115,100,12918,0000,-,00,00,11,12,12,-,00,00,10.4,10.4,350,350,570,570,-23.329538,-23.329538,-51.1776,-51.1776,0724,0006,c4a7,07a71434,1.7,3.1,3.1,0:06:30,59:26:46,-,-,0,-,,,,,04,28,00000000,00,10,,
2025-09-29 16:32:58,,,,867488068342780,4413,HBD
2025-09-29 16:34:59,,,,867488068342780,4414,HBD
2025-09-29 16:36:59,,,,867488068342780,4415,HBD
2025-09-29 16:39:00,,,,867488068342780,4416,HBD
2025-09-29 16:41:00,,,,867488068342780,4417,HBD
2025-09-29 16:43:01,,,,867488068342780,4418,HBD
2025-09-29 16:45:01,,,,867488068342780,4419,HBD
2025-09-29 16:47:02,,,,867488068342780,4420,HBD
2025-09-29 16:49:02,,,,867488068342780,4421,HBD
2025-09-29 16:51:03,,,,867488068342780,4422,HBD
2025-09-29 16:53:03,,,,867488068342780,4423,HBD
2025-09-29 16:55:04,,,,867488068342780,4424,HBD
2025-09-29 16:57:04,,,,867488068342780,4425,HBD
2025-09-29 16:59:05,,,,867488068342780,4426,HBD
2025-09-29 17:01:05,,,,867488068342780,4427,HBD
