Data/Hora Evento,Tipo Mensagem,Motion Status,Diferença entre GTERI (IGN),Diferença entre GTERI (IGF)
2025-06-12 00:01:04,GTERI,11,,
2025-06-12 01:01:04,GTERI,11,,3600.0
2025-06-12 02:01:04,GTERI,11,,3600.0
2025-06-12 03:01:04,GTERI,11,,3600.0
2025-06-12 04:01:04,GTERI,11,,3600.0
2025-06-12 04:01:04,GTERI,11,,0.0
2025-06-12 05:01:04,GTERI,11,,3600.0
2025-06-12 06:01:04,GTERI,11,,3600.0
2025-06-12 06:04:36,GTIGF,,,
2025-06-12 06:04:36,GTIGN,,,
2025-06-12 06:04:37,GTIGN,,,
2025-06-12 06:05:07,GTERI,22,30.0,
2025-06-12 06:07:45,GTERI,22,158.0,
2025-06-12 06:10:45,GTERI,22,180.0,
2025-06-12 06:16:45,GTERI,22,360.0,
2025-06-12 06:19:45,GTERI,22,180.0,
2025-06-12 06:22:46,GTERI,22,181.0,
2025-06-12 06:25:46,GTERI,22,180.0,
2025-06-12 06:28:46,GTERI,22,180.0,
2025-06-12 06:31:46,GTERI,22,180.0,
2025-06-12 06:34:46,GTERI,22,180.0,
2025-06-12 06:37:46,GTERI,22,180.0,
2025-06-12 06:40:46,GTERI,22,180.0,
2025-06-12 06:43:46,GTERI,22,180.0,
2025-06-12 06:46:46,GTERI,22,180.0,
2025-06-12 06:49:46,GTERI,22,180.0,
2025-06-12 06:52:46,GTERI,22,180.0,
2025-06-12 06:55:46,GTERI,22,180.0,
2025-06-12 06:58:46,GTERI,22,180.0,
2025-06-12 07:01:47,GTERI,22,181.0,
2025-06-12 07:04:47,GTERI,22,180.0,
2025-06-12 07:04:52,GTIGF,,,
2025-06-12 07:04:52,GTERI,12,,0.0
2025-06-12 07:57:15,GTIGN,,,
2025-06-12 07:57:27,GTERI,22,12.0,
2025-06-12 08:00:23,GTERI,22,176.0,
2025-06-12 08:03:23,GTERI,22,180.0,
2025-06-12 08:06:23,GTERI,22,180.0,
2025-06-12 08:09:23,GTERI,22,180.0,
2025-06-12 08:12:23,GTERI,22,180.0,
2025-06-12 08:15:23,GTERI,22,180.0,
2025-06-12 08:18:23,GTERI,22,180.0,
2025-06-12 08:21:23,GTERI,22,180.0,
2025-06-12 08:24:23,GTERI,22,180.0,
2025-06-12 08:27:23,GTERI,22,180.0,
2025-06-12 08:30:23,GTERI,22,180.0,
2025-06-12 08:33:23,GTERI,22,180.0,
2025-06-12 08:36:23,GTERI,22,180.0,
2025-06-12 08:39:23,GTERI,22,180.0,
2025-06-12 08:42:23,GTERI,22,180.0,
2025-06-12 08:45:23,GTERI,22,180.0,
2025-06-12 08:48:23,GTERI,22,180.0,
2025-06-12 08:51:23,GTERI,22,180.0,
2025-06-12 08:54:23,GTERI,22,180.0,
2025-06-12 08:57:23,GTERI,22,180.0,
2025-06-12 09:00:23,GTERI,22,180.0,
2025-06-12 09:03:23,GTERI,22,180.0,
2025-06-12 09:04:07,GTIGF,,,
2025-06-12 09:04:07,GTERI,12,,0.0
2025-06-12 09:54:01,GTIGN,,,
2025-06-12 09:54:09,GTERI,22,8.0,
2025-06-12 09:57:08,GTERI,22,179.0,
2025-06-12 10:00:08,GTERI,22,180.0,
2025-06-12 10:03:08,GTERI,22,180.0,
2025-06-12 10:06:08,GTERI,22,180.0,
2025-06-12 10:09:08,GTERI,22,180.0,
2025-06-12 10:12:08,GTERI,22,180.0,
2025-06-12 10:15:08,GTERI,22,180.0,
2025-06-12 10:18:08,GTERI,22,180.0,
2025-06-12 10:21:09,GTERI,22,181.0,
2025-06-12 10:24:09,GTERI,22,180.0,
2025-06-12 10:27:09,GTERI,22,180.0,
2025-06-12 10:30:09,GTERI,22,180.0,
2025-06-12 10:33:09,GTERI,22,180.0,
2025-06-12 10:36:09,GTERI,22,180.0,
2025-06-12 10:39:09,GTERI,22,180.0,
2025-06-12 10:42:09,GTERI,22,180.0,
2025-06-12 10:45:09,GTERI,22,180.0,
2025-06-12 10:48:09,GTERI,22,180.0,
2025-06-12 10:51:09,GTERI,22,180.0,
2025-06-12 10:53:05,GTIGF,,,
2025-06-12 10:53:06,GTERI,12,,1.0
2025-06-12 10:53:21,GTIGN,,,
2025-06-12 10:53:25,GTERI,22,4.0,
2025-06-12 10:56:26,GTERI,21,181.0,
2025-06-12 10:59:26,GTERI,22,180.0,
2025-06-12 11:00:54,GTIGF,,,
2025-06-12 11:00:54,GTERI,12,,0.0
2025-06-12 11:17:54,GTIGN,,,
2025-06-12 11:18:02,GTERI,22,8.0,
2025-06-12 11:18:11,GTIGF,,,
2025-06-12 11:18:12,GTERI,12,,1.0
2025-06-12 11:46:32,GTIGN,,,
2025-06-12 11:46:43,GTERI,22,11.0,
2025-06-12 11:49:37,GTERI,22,174.0,
2025-06-12 11:52:37,GTERI,22,180.0,
2025-06-12 11:55:37,GTERI,22,180.0,
2025-06-12 11:58:37,GTERI,22,180.0,
2025-06-12 12:01:37,GTERI,22,180.0,
2025-06-12 12:04:37,GTERI,22,180.0,
2025-06-12 12:07:37,GTERI,22,180.0,
2025-06-12 12:10:37,GTERI,22,180.0,
2025-06-12 12:11:38,GTIGF,,,
2025-06-12 12:11:38,GTERI,12,,0.0
2025-06-12 13:11:33,GTERI,11,,3595.0
2025-06-12 14:11:33,GTERI,11,,3600.0
2025-06-12 14:30:01,GTIGN,,,
2025-06-12 14:30:09,GTERI,22,8.0,
2025-06-12 14:33:09,GTERI,22,180.0,
2025-06-12 14:35:10,GTIGF,,,
2025-06-12 14:35:11,GTERI,12,,1.0
2025-06-12 14:37:39,GTIGN,,,
2025-06-12 14:37:43,GTERI,22,4.0,
2025-06-12 14:40:46,GTERI,22,183.0,
2025-06-12 14:43:46,GTERI,22,180.0,
2025-06-12 14:46:46,GTERI,22,180.0,
2025-06-12 14:49:46,GTERI,22,180.0,
2025-06-12 14:52:46,GTERI,22,180.0,
2025-06-12 14:55:46,GTERI,22,180.0,
2025-06-12 14:58:46,GTERI,22,180.0,
2025-06-12 15:01:46,GTERI,22,180.0,
2025-06-12 15:04:46,GTERI,22,180.0,
2025-06-12 15:07:46,GTERI,22,180.0,
2025-06-12 15:10:46,GTERI,22,180.0,
2025-06-12 15:13:46,GTERI,22,180.0,
2025-06-12 15:16:46,GTERI,22,180.0,
2025-06-12 15:19:46,GTERI,22,180.0,
2025-06-12 15:22:46,GTERI,22,180.0,
2025-06-12 15:25:46,GTERI,22,180.0,
2025-06-12 15:28:46,GTERI,22,180.0,
2025-06-12 15:31:46,GTERI,22,180.0,
2025-06-12 15:34:46,GTERI,22,180.0,
2025-06-12 15:37:46,GTERI,22,180.0,
2025-06-12 15:38:05,GTIGF,,,
2025-06-12 15:38:05,GTERI,12,,0.0
2025-06-12 15:40:52,GTIGN,,,
2025-06-12 15:40:56,GTERI,22,4.0,
2025-06-12 15:44:01,GTERI,22,185.0,
2025-06-12 15:45:56,GTIGF,,,
2025-06-12 15:45:57,GTERI,12,,1.0
2025-06-12 15:52:03,GTIGN,,,
2025-06-12 15:52:03,GTIGN,,,
2025-06-12 15:52:13,GTERI,22,10.0,
2025-06-12 15:53:42,GTIGF,,,
2025-06-12 15:53:42,GTERI,12,,0.0
2025-06-12 15:54:00,GTIGN,,,
2025-06-12 15:54:01,GTIGF,,,
2025-06-12 16:06:10,GTIGN,,,
2025-06-12 16:06:20,GTERI,22,10.0,
2025-06-12 16:06:21,GTIGF,,,
2025-06-12 16:06:21,GTERI,12,,0.0
2025-06-12 16:44:45,GTIGN,,,
2025-06-12 16:44:54,GTERI,22,9.0,
2025-06-12 16:47:52,GTERI,22,178.0,
2025-06-12 16:50:52,GTERI,22,180.0,
2025-06-12 16:53:52,GTERI,22,180.0,
2025-06-12 16:54:40,GTERI,12,,2899.0
2025-06-12 16:54:40,GTIGF,,,
2025-06-12 17:00:31,GTIGN,,,
2025-06-12 17:00:40,GTERI,22,9.0,
2025-06-12 17:03:36,GTERI,22,176.0,
2025-06-12 17:03:48,GTIGF,,,
2025-06-12 17:03:48,GTIGN,,,
2025-06-12 17:03:53,GTERI,22,5.0,
2025-06-12 17:06:54,GTERI,22,181.0,
2025-06-12 17:09:54,GTERI,22,180.0,
2025-06-12 17:12:54,GTERI,22,180.0,
2025-06-12 17:15:54,GTERI,22,180.0,
2025-06-12 17:18:54,GTERI,22,180.0,
2025-06-12 17:21:54,GTERI,22,180.0,
2025-06-12 17:24:54,GTERI,22,180.0,
2025-06-12 17:27:54,GTERI,22,180.0,
2025-06-12 17:30:54,GTERI,22,180.0,
2025-06-12 17:33:54,GTERI,22,180.0,
2025-06-12 17:36:54,GTERI,22,180.0,
2025-06-12 17:39:54,GTERI,22,180.0,
2025-06-12 17:41:42,GTERI,12,,2274.0
2025-06-12 17:41:42,GTIGF,,,
2025-06-12 17:48:48,GTIGN,,,
2025-06-12 17:49:00,GTERI,22,12.0,
2025-06-12 17:51:53,GTERI,22,173.0,
2025-06-12 17:54:53,GTERI,22,180.0,
2025-06-12 17:57:53,GTERI,22,180.0,
2025-06-12 18:00:53,GTERI,22,180.0,
2025-06-12 18:03:53,GTERI,22,180.0,
2025-06-12 18:06:53,GTERI,22,180.0,
2025-06-12 18:09:53,GTERI,22,180.0,
2025-06-12 18:12:53,GTERI,22,180.0,
2025-06-12 18:15:55,GTERI,22,182.0,
2025-06-12 18:18:55,GTERI,22,180.0,
2025-06-12 18:21:55,GTERI,22,180.0,
2025-06-12 18:24:55,GTERI,22,180.0,
2025-06-12 18:24:55,GTERI,22,0.0,
2025-06-12 18:27:55,GTERI,22,180.0,
2025-06-12 18:30:55,GTERI,22,180.0,
2025-06-12 18:33:55,GTERI,22,180.0,
2025-06-12 18:36:55,GTERI,22,180.0,
2025-06-12 18:39:55,GTERI,22,180.0,
2025-06-12 18:42:55,GTERI,22,180.0,
2025-06-12 18:45:55,GTERI,22,180.0,
2025-06-12 18:48:55,GTERI,22,180.0,
2025-06-12 18:51:55,GTERI,22,180.0,
2025-06-12 18:54:55,GTERI,22,180.0,
2025-06-12 18:57:55,GTERI,22,180.0,
2025-06-12 19:00:55,GTERI,22,180.0,
2025-06-12 19:03:55,GTERI,22,180.0,
2025-06-12 19:06:55,GTERI,22,180.0,
2025-06-12 19:09:55,GTERI,22,180.0,
2025-06-12 19:12:55,GTERI,22,180.0,
2025-06-12 19:15:55,GTERI,22,180.0,
2025-06-12 19:18:55,GTERI,22,180.0,
2025-06-12 19:21:55,GTERI,22,180.0,
2025-06-12 19:24:55,GTERI,22,180.0,
2025-06-12 19:27:55,GTERI,22,180.0,
2025-06-12 19:30:55,GTERI,22,180.0,
2025-06-12 19:33:55,GTERI,22,180.0,
2025-06-12 19:36:55,GTERI,22,180.0,
2025-06-12 19:39:55,GTERI,22,180.0,
2025-06-12 19:42:55,GTERI,22,180.0,
2025-06-12 19:45:55,GTERI,22,180.0,
2025-06-12 19:48:55,GTERI,22,180.0,
2025-06-12 19:51:55,GTERI,22,180.0,
2025-06-12 19:54:55,GTERI,22,180.0,
2025-06-12 19:56:30,GTIGF,,,
2025-06-12 19:56:31,GTERI,12,,1.0
2025-06-12 20:35:56,GTIGN,,,
2025-06-12 20:36:15,GTERI,22,19.0,
2025-06-12 20:39:02,GTERI,22,167.0,
2025-06-12 20:42:02,GTERI,22,180.0,
2025-06-12 20:45:02,GTERI,22,180.0,
2025-06-12 20:48:02,GTERI,22,180.0,
2025-06-12 20:51:02,GTERI,22,180.0,
2025-06-12 20:54:02,GTERI,22,180.0,
2025-06-12 20:55:32,GTERI,12,,3541.0
2025-06-12 20:55:32,GTIGF,,,
2025-06-12 21:01:37,GTIGN,,,
2025-06-12 21:01:46,GTERI,22,9.0,
2025-06-12 21:02:08,GTIGF,,,
2025-06-12 21:02:08,GTERI,12,,0.0
2025-06-12 21:44:39,GTIGN,,,
2025-06-12 21:44:47,GTERI,22,8.0,
2025-06-12 21:47:45,GTERI,22,178.0,
2025-06-12 21:50:45,GTERI,22,180.0,
2025-06-12 21:53:45,GTERI,22,180.0,
2025-06-12 21:56:45,GTERI,22,180.0,
2025-06-12 21:59:45,GTERI,22,180.0,
2025-06-12 22:02:45,GTERI,22,180.0,
2025-06-12 22:04:35,GTERI,12,,3747.0
2025-06-12 22:04:35,GTIGF,,,
2025-06-12 23:04:31,GTERI,11,,3596.0
2025-06-13 00:04:31,GTERI,11,,3600.0
2025-06-13 01:04:31,GTERI,11,,3600.0
2025-06-13 02:04:31,GTERI,11,,3600.0
2025-06-13 03:04:31,GTERI,11,,3600.0
2025-06-13 04:04:31,GTERI,11,,3600.0
2025-06-13 04:30:11,GTIGN,,,
2025-06-13 04:31:15,GTERI,22,64.0,
2025-06-13 04:33:17,GTERI,22,122.0,
2025-06-13 04:36:17,GTERI,22,180.0,
2025-06-13 04:39:17,GTERI,22,180.0,
2025-06-13 04:40:48,GTIGF,,,
2025-06-13 04:40:48,GTERI,12,,0.0
2025-06-13 05:40:44,GTERI,11,,3596.0
2025-06-13 06:06:45,GTIGN,,,
2025-06-13 06:07:09,GTERI,22,24.0,
2025-06-13 06:09:38,GTIGF,,,
2025-06-13 06:09:39,GTERI,12,,1.0
2025-06-13 06:12:01,GTIGN,,,
2025-06-13 06:12:06,GTERI,22,5.0,
2025-06-13 06:15:10,GTERI,22,184.0,
2025-06-13 06:18:10,GTERI,22,180.0,
2025-06-13 06:21:10,GTERI,22,180.0,
2025-06-13 06:24:10,GTERI,22,180.0,
2025-06-13 06:27:10,GTERI,22,180.0,
2025-06-13 06:30:10,GTERI,22,180.0,
2025-06-13 06:33:10,GTERI,22,180.0,
2025-06-13 06:36:10,GTERI,22,180.0,
2025-06-13 06:39:10,GTERI,22,180.0,
2025-06-13 06:42:10,GTERI,22,180.0,
2025-06-13 06:43:53,GTIGF,,,
2025-06-13 06:43:53,GTERI,12,,0.0
2025-06-13 06:52:25,GTIGN,,,
2025-06-13 06:52:36,GTERI,22,11.0,
2025-06-13 06:55:34,GTERI,22,178.0,
2025-06-13 06:58:09,GTIGF,,,
2025-06-13 06:58:10,GTERI,12,,1.0
2025-06-13 07:21:07,GTIGN,,,
2025-06-13 07:21:16,GTERI,22,9.0,
2025-06-13 07:23:28,GTIGF,,,
2025-06-13 07:23:29,GTERI,12,,1.0
2025-06-13 07:32:40,GTIGN,,,
2025-06-13 07:32:49,GTERI,22,9.0,
2025-06-13 07:35:50,GTERI,22,181.0,
2025-06-13 07:38:50,GTERI,22,180.0,
2025-06-13 07:41:50,GTERI,22,180.0,
2025-06-13 07:44:50,GTERI,22,180.0,
2025-06-13 07:47:50,GTERI,22,180.0,
2025-06-13 07:50:50,GTERI,22,180.0,
2025-06-13 07:53:50,GTERI,22,180.0,
2025-06-13 07:56:50,GTERI,22,180.0,
2025-06-13 07:59:50,GTERI,22,180.0,
2025-06-13 08:02:50,GTERI,22,180.0,
2025-06-13 08:05:50,GTERI,22,180.0,
2025-06-13 08:08:50,GTERI,22,180.0,
2025-06-13 08:11:50,GTERI,22,180.0,
2025-06-13 08:14:50,GTERI,22,180.0,
2025-06-13 08:17:51,GTERI,22,181.0,
2025-06-13 08:20:50,GTERI,22,179.0,
2025-06-13 08:23:50,GTERI,22,180.0,
2025-06-13 08:26:50,GTERI,22,180.0,
2025-06-13 08:29:50,GTERI,22,180.0,
2025-06-13 08:32:50,GTERI,22,180.0,
2025-06-13 08:35:50,GTERI,22,180.0,
2025-06-13 08:38:50,GTERI,22,180.0,
2025-06-13 08:41:50,GTERI,22,180.0,
2025-06-13 08:44:50,GTERI,22,180.0,
2025-06-13 08:47:50,GTERI,22,180.0,
2025-06-13 08:50:50,GTERI,22,180.0,
2025-06-13 08:53:50,GTERI,22,180.0,
2025-06-13 08:55:22,GTIGF,,,
2025-06-13 08:55:22,GTERI,12,,0.0
2025-06-13 09:55:12,GTERI,11,,3590.0
2025-06-13 10:55:12,GTERI,11,,3600.0
2025-06-13 10:56:14,GTIGN,,,
2025-06-13 10:56:22,GTERI,22,8.0,
2025-06-13 10:59:18,GTERI,22,176.0,
2025-06-13 11:02:18,GTERI,22,180.0,
2025-06-13 11:05:18,GTERI,22,180.0,
2025-06-13 11:08:19,GTERI,22,181.0,
2025-06-13 11:11:18,GTERI,22,179.0,
2025-06-13 11:14:18,GTERI,22,180.0,
2025-06-13 11:17:18,GTERI,22,180.0,
2025-06-13 11:20:19,GTERI,22,181.0,
2025-06-13 11:23:19,GTERI,22,180.0,
2025-06-13 11:23:28,GTIGF,,,
2025-06-13 11:23:29,GTERI,12,,1.0
2025-06-13 11:39:01,GTIGN,,,
2025-06-13 11:39:14,GTERI,22,13.0,
2025-06-13 11:42:09,GTERI,22,175.0,
2025-06-13 11:45:09,GTERI,22,180.0,
2025-06-13 11:48:10,GTERI,22,181.0,
2025-06-13 11:51:09,GTERI,22,179.0,
2025-06-13 11:54:09,GTERI,22,180.0,
2025-06-13 11:57:09,GTERI,22,180.0,
2025-06-13 12:00:09,GTERI,22,180.0,
2025-06-13 12:03:09,GTERI,22,180.0,
2025-06-13 12:06:09,GTERI,22,180.0,
2025-06-13 12:09:09,GTERI,22,180.0,
2025-06-13 12:12:09,GTERI,22,180.0,
2025-06-13 12:15:09,GTERI,22,180.0,
2025-06-13 12:18:09,GTERI,22,180.0,
2025-06-13 12:21:10,GTERI,22,181.0,
2025-06-13 12:24:09,GTERI,22,179.0,
2025-06-13 12:27:09,GTERI,22,180.0,
2025-06-13 12:30:09,GTERI,22,180.0,
2025-06-13 12:33:09,GTERI,22,180.0,
2025-06-13 12:36:09,GTERI,22,180.0,
2025-06-13 12:39:10,GTERI,22,181.0,
2025-06-13 12:42:09,GTERI,22,179.0,
2025-06-13 12:45:11,GTERI,22,182.0,
2025-06-13 12:48:11,GTERI,22,180.0,
2025-06-13 12:51:11,GTERI,22,180.0,
2025-06-13 12:54:12,GTERI,22,181.0,
2025-06-13 12:57:12,GTERI,22,180.0,
2025-06-13 13:00:12,GTERI,22,180.0,
2025-06-13 13:03:12,GTERI,22,180.0,
2025-06-13 13:05:50,GTIGF,,,
2025-06-13 13:05:50,GTERI,12,,0.0
2025-06-13 14:03:10,GTIGN,,,
2025-06-13 14:03:14,GTERI,22,4.0,
2025-06-13 14:06:17,GTERI,22,183.0,
2025-06-13 14:07:08,GTERI,12,,3678.0
2025-06-13 14:07:08,GTIGF,,,
2025-06-13 14:11:19,GTIGN,,,
2025-06-13 14:11:23,GTERI,22,4.0,
2025-06-13 14:14:29,GTERI,22,186.0,
2025-06-13 14:17:29,GTERI,22,180.0,
2025-06-13 14:17:42,GTIGF,,,
2025-06-13 14:17:42,GTERI,12,,0.0
2025-06-13 14:17:47,GTIGN,,,
2025-06-13 14:17:51,GTERI,22,4.0,
2025-06-13 14:17:57,GTIGF,,,
2025-06-13 14:17:58,GTERI,12,,1.0
2025-06-13 14:21:54,GTIGN,,,
2025-06-13 14:21:58,GTERI,22,4.0,
2025-06-13 14:25:04,GTERI,22,186.0,
2025-06-13 14:28:04,GTERI,22,180.0,
2025-06-13 14:31:04,GTERI,22,180.0,
2025-06-13 14:34:04,GTERI,22,180.0,
2025-06-13 14:37:04,GTERI,22,180.0,
2025-06-13 14:40:04,GTERI,22,180.0,
2025-06-13 14:40:04,GTERI,22,0.0,
2025-06-13 14:43:04,GTERI,22,180.0,
2025-06-13 14:46:04,GTERI,22,180.0,
2025-06-13 14:49:05,GTERI,22,181.0,
2025-06-13 14:52:05,GTERI,22,180.0,
2025-06-13 14:55:05,GTERI,22,180.0,
2025-06-13 14:58:05,GTERI,22,180.0,
2025-06-13 15:01:05,GTERI,22,180.0,
2025-06-13 15:04:05,GTERI,22,180.0,
2025-06-13 15:07:05,GTERI,22,180.0,
2025-06-13 15:10:05,GTERI,22,180.0,
2025-06-13 15:13:05,GTERI,22,180.0,
2025-06-13 15:16:05,GTERI,22,180.0,
2025-06-13 15:19:05,GTERI,22,180.0,
2025-06-13 15:22:05,GTERI,22,180.0,
2025-06-13 15:25:05,GTERI,22,180.0,
2025-06-13 15:28:05,GTERI,22,180.0,
2025-06-13 15:31:05,GTERI,22,180.0,
2025-06-13 15:31:05,GTERI,22,0.0,
2025-06-13 15:31:05,GTERI,22,0.0,
2025-06-13 15:31:05,GTERI,22,0.0,
2025-06-13 15:31:05,GTERI,22,0.0,
2025-06-13 15:31:05,GTERI,22,0.0,
2025-06-13 15:34:05,GTERI,22,180.0,
2025-06-13 15:37:06,GTERI,22,181.0,
2025-06-13 15:40:06,GTERI,22,180.0,
2025-06-13 15:43:06,GTERI,22,180.0,
2025-06-13 15:46:06,GTERI,22,180.0,
2025-06-13 15:49:06,GTERI,22,180.0,
2025-06-13 15:52:06,GTERI,22,180.0,
2025-06-13 15:55:06,GTERI,22,180.0,
2025-06-13 15:58:06,GTERI,22,180.0,
2025-06-13 16:01:06,GTERI,22,180.0,
2025-06-13 16:04:06,GTERI,22,180.0,
2025-06-13 16:07:06,GTERI,22,180.0,
2025-06-13 16:10:06,GTERI,22,180.0,
2025-06-13 16:13:06,GTERI,22,180.0,
2025-06-13 16:16:06,GTERI,22,180.0,
2025-06-13 16:19:06,GTERI,22,180.0,
2025-06-13 16:22:06,GTERI,22,180.0,
2025-06-13 16:25:06,GTERI,22,180.0,
2025-06-13 16:28:06,GTERI,22,180.0,
2025-06-13 16:29:39,GTIGF,,,
2025-06-13 16:29:39,GTERI,12,,0.0
2025-06-13 17:29:30,GTERI,11,,3591.0
2025-06-13 18:29:30,GTERI,11,,3600.0
2025-06-13 19:29:30,GTERI,11,,3600.0
2025-06-13 20:29:30,GTERI,11,,3600.0
2025-06-13 20:31:59,GTIGN,,,
2025-06-13 20:32:09,GTERI,22,10.0,
2025-06-13 20:35:06,GTERI,22,177.0,
2025-06-13 20:38:06,GTERI,22,180.0,
2025-06-13 20:41:06,GTERI,22,180.0,
2025-06-13 20:44:06,GTERI,22,180.0,
2025-06-13 20:47:06,GTERI,22,180.0,
2025-06-13 20:50:06,GTERI,22,180.0,
2025-06-13 20:53:06,GTERI,22,180.0,
2025-06-13 20:56:06,GTERI,22,180.0,
2025-06-13 20:59:06,GTERI,22,180.0,
2025-06-13 21:02:06,GTERI,22,180.0,
2025-06-13 21:05:06,GTERI,22,180.0,
2025-06-13 21:08:06,GTERI,22,180.0,
2025-06-13 21:11:06,GTERI,22,180.0,
2025-06-13 21:14:06,GTERI,22,180.0,
2025-06-13 21:17:06,GTERI,22,180.0,
2025-06-13 21:20:06,GTERI,22,180.0,
2025-06-13 21:23:06,GTERI,22,180.0,
2025-06-13 21:26:06,GTERI,22,180.0,
2025-06-13 21:29:06,GTERI,22,180.0,
2025-06-13 21:32:06,GTERI,22,180.0,
2025-06-13 21:35:06,GTERI,22,180.0,
2025-06-13 21:38:06,GTERI,22,180.0,
2025-06-13 21:41:06,GTERI,22,180.0,
2025-06-13 21:44:06,GTERI,22,180.0,
2025-06-13 21:47:06,GTERI,22,180.0,
2025-06-13 21:50:06,GTERI,22,180.0,
2025-06-13 21:53:06,GTERI,22,180.0,
2025-06-13 21:56:06,GTERI,22,180.0,
2025-06-13 21:59:06,GTERI,22,180.0,
2025-06-13 22:02:06,GTERI,22,180.0,
2025-06-13 22:05:06,GTERI,22,180.0,
2025-06-13 22:08:06,GTERI,22,180.0,
2025-06-13 22:11:06,GTERI,22,180.0,
2025-06-13 22:13:30,GTERI,12,,6240.0
2025-06-13 22:13:30,GTIGF,,,
2025-06-13 23:13:26,GTERI,11,,3596.0
2025-06-14 00:13:26,GTERI,11,,3600.0
2025-06-14 01:13:26,GTERI,11,,3600.0
2025-06-14 02:13:26,GTERI,11,,3600.0
2025-06-14 03:13:26,GTERI,11,,3600.0
2025-06-14 04:13:26,GTERI,11,,3600.0
2025-06-14 04:31:25,GTIGN,,,
2025-06-14 04:31:38,GTERI,22,13.0,
2025-06-14 04:34:32,GTERI,22,174.0,
2025-06-14 04:37:32,GTERI,22,180.0,
2025-06-14 04:39:30,GTIGF,,,
2025-06-14 04:39:31,GTERI,12,,1.0
2025-06-14 05:39:26,GTERI,11,,3595.0
2025-06-14 06:39:26,GTERI,11,,3600.0
2025-06-14 07:39:26,GTERI,11,,3600.0
2025-06-14 08:39:26,GTERI,11,,3600.0
2025-06-14 09:39:26,GTERI,11,,3600.0
2025-06-14 10:39:26,GTERI,11,,3600.0
2025-06-14 10:40:03,GTIGN,,,
2025-06-14 10:40:27,GTERI,22,24.0,
2025-06-14 10:43:12,GTERI,22,165.0,
2025-06-14 10:46:12,GTERI,22,180.0,
2025-06-14 10:48:13,GTIGF,,,
2025-06-14 10:48:14,GTERI,12,,1.0
2025-06-14 11:48:09,GTERI,11,,3595.0
2025-06-14 12:48:09,GTERI,11,,3600.0
2025-06-14 13:48:09,GTERI,11,,3600.0
2025-06-14 14:06:58,GTIGN,,,
2025-06-14 14:07:08,GTERI,22,10.0,
2025-06-14 14:10:05,GTERI,22,177.0,
2025-06-14 14:10:50,GTIGF,,,
2025-06-14 14:10:50,GTERI,12,,0.0
2025-06-14 15:10:45,GTERI,11,,3595.0
2025-06-14 15:13:09,GTIGN,,,
2025-06-14 15:13:21,GTERI,22,12.0,
2025-06-14 15:16:16,GTERI,22,175.0,
2025-06-14 15:19:16,GTERI,22,180.0,
2025-06-14 15:22:16,GTERI,22,180.0,
2025-06-14 15:23:45,GTERI,12,,780.0
2025-06-14 15:23:45,GTIGF,,,
2025-06-14 15:33:34,GTIGN,,,
2025-06-14 15:33:44,GTERI,22,10.0,
2025-06-14 15:36:39,GTIGF,,,
2025-06-14 15:36:40,GTERI,12,,1.0
2025-06-14 15:40:12,GTIGN,,,
2025-06-14 15:40:17,GTERI,22,5.0,
2025-06-14 15:43:21,GTERI,22,184.0,
2025-06-14 15:44:13,GTIGF,,,
2025-06-14 15:44:13,GTERI,12,,0.0
2025-06-14 16:44:09,GTERI,11,,3596.0
2025-06-14 17:44:09,GTERI,11,,3600.0
2025-06-14 18:44:09,GTERI,11,,3600.0
2025-06-14 19:07:24,GTIGN,,,
2025-06-14 19:07:49,GTERI,22,25.0,
2025-06-14 19:09:50,GTIGF,,,
2025-06-14 19:09:50,GTERI,12,,0.0
2025-06-14 19:15:01,GTIGN,,,
2025-06-14 19:15:10,GTERI,22,9.0,
2025-06-14 19:16:11,GTERI,12,,381.0
2025-06-14 19:16:11,GTIGF,,,
2025-06-14 19:19:40,GTIGN,,,
2025-06-14 19:19:45,GTERI,22,5.0,
2025-06-14 19:20:30,GTIGF,,,
2025-06-14 19:20:30,GTERI,12,,0.0
2025-06-14 20:20:25,GTERI,11,,3595.0
2025-06-14 21:20:25,GTERI,11,,3600.0
2025-06-14 22:20:25,GTERI,11,,3600.0
2025-06-14 23:20:25,GTERI,11,,3600.0
2025-06-14 23:22:27,GTIGN,,,
2025-06-14 23:22:46,GTERI,22,19.0,
2025-06-14 23:25:36,GTERI,22,170.0,
2025-06-14 23:25:57,GTIGF,,,
2025-06-14 23:25:57,GTERI,12,,0.0
2025-06-14 23:34:23,GTIGN,,,
2025-06-14 23:34:33,GTERI,22,10.0,
2025-06-14 23:37:29,GTERI,22,176.0,
2025-06-14 23:40:29,GTERI,22,180.0,
2025-06-14 23:43:29,GTERI,22,180.0,
2025-06-14 23:45:01,GTIGF,,,
2025-06-14 23:45:01,GTERI,12,,0.0
2025-06-15 00:44:56,GTERI,11,,3595.0
2025-06-15 01:44:56,GTERI,11,,3600.0
2025-06-15 02:44:56,GTERI,11,,3600.0
2025-06-15 03:44:56,GTERI,11,,3600.0
2025-06-15 04:44:56,GTERI,11,,3600.0
2025-06-15 05:44:56,GTERI,11,,3600.0
2025-06-15 06:44:56,GTERI,11,,3600.0
2025-06-15 07:44:56,GTERI,11,,3600.0
2025-06-15 08:44:56,GTERI,11,,3600.0
2025-06-15 09:44:56,GTERI,11,,3600.0
2025-06-15 10:32:37,GTIGN,,,
2025-06-15 10:32:43,GTIGF,,,
2025-06-15 10:32:45,GTIGN,,,
2025-06-15 10:32:56,GTERI,22,11.0,
2025-06-15 10:35:47,GTERI,12,,184.0
2025-06-15 10:35:47,GTIGF,,,
2025-06-15 10:47:33,GTIGN,,,
2025-06-15 10:47:42,GTERI,22,9.0,
2025-06-15 10:49:32,GTERI,12,,825.0
2025-06-15 10:49:32,GTIGF,,,
2025-06-15 11:13:30,GTIGN,,,
2025-06-15 11:13:38,GTERI,22,8.0,
2025-06-15 11:15:23,GTIGF,,,
2025-06-15 11:15:24,GTERI,12,,1.0
2025-06-15 11:20:02,GTIGN,,,
2025-06-15 11:20:06,GTERI,22,4.0,
2025-06-15 11:21:59,GTIGF,,,
2025-06-15 11:22:00,GTERI,12,,1.0
2025-06-15 11:24:04,GTIGN,,,
2025-06-15 11:24:08,GTERI,22,4.0,
2025-06-15 11:25:38,GTERI,12,,218.0
2025-06-15 11:25:38,GTIGF,,,
2025-06-15 11:29:20,GTIGN,,,
2025-06-15 11:29:24,GTERI,22,4.0,
2025-06-15 11:32:29,GTERI,22,185.0,
2025-06-15 11:32:51,GTIGF,,,
2025-06-15 11:32:51,GTERI,12,,0.0
2025-06-15 11:44:28,GTIGN,,,
2025-06-15 11:44:39,GTERI,22,11.0,
2025-06-15 11:47:37,GTERI,22,178.0,
2025-06-15 11:47:41,GTIGF,,,
2025-06-15 11:47:42,GTERI,12,,1.0
2025-06-15 11:49:49,GTIGN,,,
2025-06-15 11:49:53,GTERI,22,4.0,
2025-06-15 11:51:40,GTIGF,,,
2025-06-15 11:51:41,GTERI,12,,1.0
2025-06-15 12:01:50,GTIGN,,,
2025-06-15 12:02:01,GTERI,22,11.0,
2025-06-15 12:04:44,GTIGF,,,
2025-06-15 12:04:44,GTERI,12,,0.0
2025-06-15 13:04:39,GTERI,11,,3595.0
2025-06-15 14:04:39,GTERI,11,,3600.0
2025-06-15 14:43:50,GTIGN,,,
2025-06-15 14:44:02,GTERI,22,12.0,
2025-06-15 14:47:00,GTERI,22,178.0,
2025-06-15 14:47:41,GTERI,12,,2582.0
2025-06-15 14:47:41,GTIGF,,,
2025-06-15 15:47:37,GTERI,11,,3596.0
2025-06-15 16:47:37,GTERI,11,,3600.0
2025-06-15 17:47:37,GTERI,11,,3600.0
2025-06-15 18:37:15,GTIGN,,,
2025-06-15 18:37:27,GTIGF,,,
2025-06-15 18:37:28,GTIGN,,,
2025-06-15 18:38:15,GTERI,22,47.0,
2025-06-15 18:40:34,GTERI,22,139.0,
2025-06-15 18:41:20,GTIGF,,,
2025-06-15 18:41:21,GTERI,12,,1.0
2025-06-15 18:44:48,GTIGN,,,
2025-06-15 18:44:52,GTERI,22,4.0,
2025-06-15 18:47:57,GTERI,22,185.0,
2025-06-15 18:49:43,GTIGF,,,
2025-06-15 18:49:44,GTIGN,,,
2025-06-15 18:49:48,GTERI,22,4.0,
2025-06-15 18:49:55,GTIGF,,,
2025-06-15 18:49:55,GTERI,12,,0.0
2025-06-15 18:58:53,GTIGN,,,
2025-06-15 18:59:03,GTERI,22,10.0,
2025-06-15 19:02:01,GTERI,22,178.0,
2025-06-15 19:02:10,GTIGF,,,
2025-06-15 19:02:11,GTERI,12,,1.0
2025-06-15 19:05:49,GTIGN,,,
2025-06-15 19:05:53,GTERI,22,4.0,
2025-06-15 19:08:57,GTERI,22,184.0,
2025-06-15 19:11:57,GTERI,22,180.0,
2025-06-15 19:14:57,GTERI,22,180.0,
2025-06-15 19:17:57,GTERI,22,180.0,
2025-06-15 19:20:57,GTERI,22,180.0,
2025-06-15 19:21:19,GTIGF,,,
2025-06-15 19:21:19,GTERI,12,,0.0
2025-06-15 20:21:14,GTERI,11,,3595.0
2025-06-15 21:21:14,GTERI,11,,3600.0
2025-06-15 22:21:14,GTERI,11,,3600.0
2025-06-15 23:21:14,GTERI,11,,3600.0
2025-06-16 00:21:14,GTERI,11,,3600.0
2025-06-16 01:21:14,GTERI,11,,3600.0
2025-06-16 02:21:14,GTERI,11,,3600.0
2025-06-16 03:21:14,GTERI,11,,3600.0
2025-06-16 04:21:14,GTERI,11,,3600.0
2025-06-16 05:21:14,GTERI,1a,,3600.0
2025-06-16 05:26:32,GTIGN,,,
2025-06-16 05:26:42,GTIGF,,,
2025-06-16 05:26:44,GTIGN,,,
2025-06-16 05:26:49,GTERI,22,5.0,
2025-06-16 05:29:51,GTERI,22,182.0,
2025-06-16 05:32:51,GTERI,22,180.0,
2025-06-16 05:35:51,GTERI,22,180.0,
2025-06-16 05:38:51,GTERI,22,180.0,
2025-06-16 05:41:51,GTERI,22,180.0,
2025-06-16 05:44:51,GTERI,22,180.0,
2025-06-16 05:47:51,GTERI,22,180.0,
2025-06-16 05:50:51,GTERI,22,180.0,
2025-06-16 05:53:51,GTERI,22,180.0,
2025-06-16 05:56:51,GTERI,22,180.0,
2025-06-16 05:59:51,GTERI,22,180.0,
2025-06-16 06:02:51,GTERI,22,180.0,
2025-06-16 06:05:51,GTERI,22,180.0,
2025-06-16 06:08:51,GTERI,22,180.0,
2025-06-16 06:11:51,GTERI,22,180.0,
2025-06-16 06:14:51,GTERI,22,180.0,
2025-06-16 06:17:51,GTERI,22,180.0,
2025-06-16 06:20:51,GTERI,22,180.0,
2025-06-16 06:23:51,GTERI,22,180.0,
2025-06-16 06:26:51,GTERI,22,180.0,
2025-06-16 06:29:51,GTERI,22,180.0,
2025-06-16 06:32:51,GTERI,22,180.0,
2025-06-16 06:35:51,GTERI,22,180.0,
2025-06-16 06:38:51,GTERI,22,180.0,
2025-06-16 06:41:51,GTERI,22,180.0,
2025-06-16 06:44:51,GTERI,22,180.0,
2025-06-16 06:44:51,GTERI,22,0.0,
2025-06-16 06:44:51,GTERI,22,0.0,
2025-06-16 06:47:51,GTERI,22,180.0,
2025-06-16 06:50:51,GTERI,22,180.0,
2025-06-16 06:53:51,GTERI,22,180.0,
2025-06-16 06:54:30,GTIGF,,,
2025-06-16 06:54:31,GTERI,12,,1.0
2025-06-16 07:49:31,GTIGN,,,
2025-06-16 07:49:41,GTERI,22,10.0,
2025-06-16 07:50:19,GTIGF,,,
2025-06-16 07:50:19,GTIGN,,,
2025-06-16 07:50:23,GTERI,22,4.0,
2025-06-16 07:53:25,GTERI,22,182.0,
2025-06-16 07:56:25,GTERI,22,180.0,
2025-06-16 07:59:25,GTERI,22,180.0,
2025-06-16 08:00:40,GTERI,12,,621.0
2025-06-16 08:00:40,GTIGF,,,
2025-06-16 08:27:26,GTIGN,,,
2025-06-16 08:27:39,GTERI,22,13.0,
2025-06-16 08:30:36,GTERI,22,177.0,
2025-06-16 08:33:36,GTERI,22,180.0,
2025-06-16 08:36:36,GTERI,22,180.0,
2025-06-16 08:39:32,GTIGF,,,
2025-06-16 08:39:33,GTERI,12,,1.0
2025-06-16 08:44:47,GTIGN,,,
2025-06-16 08:45:00,GTERI,22,13.0,
2025-06-16 08:47:53,GTERI,22,173.0,
2025-06-16 08:48:55,GTIGF,,,
2025-06-16 08:48:55,GTERI,12,,0.0
2025-06-16 08:57:56,GTIGN,,,
2025-06-16 08:58:09,GTERI,22,13.0,
2025-06-16 08:59:44,GTIGF,,,
2025-06-16 08:59:45,GTERI,12,,1.0
2025-06-16 09:05:54,GTIGN,,,
2025-06-16 09:06:04,GTERI,22,10.0,
2025-06-16 09:09:01,GTERI,22,177.0,
2025-06-16 09:11:49,GTERI,12,,724.0
2025-06-16 09:11:49,GTIGF,,,
2025-06-16 09:17:31,GTIGN,,,
2025-06-16 09:18:03,GTERI,22,32.0,
2025-06-16 09:20:40,GTERI,22,157.0,
2025-06-16 09:22:22,GTIGF,,,
2025-06-16 09:22:23,GTERI,12,,1.0
2025-06-16 10:22:17,GTERI,11,,3594.0
2025-06-16 11:22:17,GTERI,1a,,3600.0
2025-06-16 11:22:27,GTIGN,,,
2025-06-16 11:22:31,GTIGF,,,
2025-06-16 11:22:32,GTIGN,,,
2025-06-16 11:22:37,GTERI,22,5.0,
2025-06-16 11:25:38,GTERI,22,181.0,
2025-06-16 11:28:38,GTERI,22,180.0,
2025-06-16 11:31:38,GTERI,22,180.0,
2025-06-16 11:34:38,GTERI,22,180.0,
2025-06-16 11:37:04,GTIGF,,,
2025-06-16 11:37:05,GTERI,12,,1.0
2025-06-16 12:04:13,GTIGN,,,
2025-06-16 12:04:23,GTERI,22,10.0,
2025-06-16 12:07:21,GTERI,22,178.0,
2025-06-16 12:10:21,GTERI,22,180.0,
2025-06-16 12:13:16,GTIGF,,,
2025-06-16 12:13:17,GTERI,12,,1.0
2025-06-16 12:15:40,GTIGN,,,
2025-06-16 12:15:45,GTERI,22,5.0,
2025-06-16 12:18:48,GTERI,22,183.0,
2025-06-16 12:19:39,GTIGF,,,
2025-06-16 12:19:39,GTIGN,,,
2025-06-16 12:19:43,GTIGF,,,
2025-06-16 12:19:44,GTIGN,,,
2025-06-16 12:19:49,GTERI,22,5.0,
2025-06-16 12:19:53,GTIGF,,,
2025-06-16 12:19:53,GTERI,12,,0.0
2025-06-16 12:20:07,GTIGN,,,
2025-06-16 12:20:11,GTERI,22,4.0,
2025-06-16 12:23:14,GTERI,21,183.0,
2025-06-16 12:26:14,GTERI,21,180.0,
2025-06-16 12:29:14,GTERI,22,180.0,
2025-06-16 12:32:14,GTERI,22,180.0,
2025-06-16 12:35:14,GTERI,22,180.0,
2025-06-16 12:36:01,GTIGF,,,
2025-06-16 12:36:02,GTERI,12,,1.0
2025-06-16 13:04:24,GTIGN,,,
2025-06-16 13:04:32,GTERI,22,8.0,
2025-06-16 13:07:33,GTERI,22,181.0,
2025-06-16 13:10:33,GTERI,22,180.0,
2025-06-16 13:13:33,GTERI,22,180.0,
2025-06-16 13:15:18,GTIGF,,,
2025-06-16 13:15:18,GTERI,12,,0.0
2025-06-16 14:15:13,GTERI,11,,3595.0
2025-06-16 15:15:13,GTERI,11,,3600.0
2025-06-16 16:15:13,GTERI,11,,3600.0
2025-06-16 16:27:17,GTIGN,,,
2025-06-16 16:27:24,GTERI,22,7.0,
2025-06-16 16:30:24,GTERI,22,180.0,
2025-06-16 16:33:24,GTERI,22,180.0,
2025-06-16 16:36:24,GTERI,22,180.0,
2025-06-16 16:39:24,GTERI,22,180.0,
2025-06-16 16:42:24,GTERI,22,180.0,
2025-06-16 16:45:24,GTERI,22,180.0,
2025-06-16 16:48:24,GTERI,22,180.0,
2025-06-16 16:51:24,GTERI,22,180.0,
2025-06-16 16:54:24,GTERI,22,180.0,
2025-06-16 16:57:24,GTERI,22,180.0,
2025-06-16 17:00:24,GTERI,22,180.0,
2025-06-16 17:03:24,GTERI,22,180.0,
2025-06-16 17:06:24,GTERI,22,180.0,
2025-06-16 17:09:24,GTERI,22,180.0,
2025-06-16 17:12:24,GTERI,22,180.0,
2025-06-16 17:15:24,GTERI,22,180.0,
2025-06-16 17:18:24,GTERI,22,180.0,
2025-06-16 17:18:38,GTIGF,,,
2025-06-16 17:18:38,GTERI,12,,0.0
2025-06-16 17:19:19,GTIGN,,,
2025-06-16 17:19:23,GTERI,22,4.0,
2025-06-16 17:21:56,GTERI,12,,198.0
2025-06-16 17:21:56,GTIGF,,,
2025-06-16 18:21:51,GTERI,11,,3595.0
2025-06-16 19:21:51,GTERI,11,,3600.0
2025-06-16 20:21:51,GTERI,11,,3600.0
2025-06-16 21:21:51,GTERI,11,,3600.0
2025-06-16 22:21:51,GTERI,11,,3600.0
2025-06-16 23:21:51,GTERI,11,,3600.0
2025-06-17 00:21:51,GTERI,11,,3600.0
2025-06-17 01:21:51,GTERI,11,,3600.0
2025-06-17 02:21:51,GTERI,11,,3600.0
2025-06-17 03:21:51,GTERI,11,,3600.0
2025-06-17 04:21:51,GTERI,11,,3600.0
2025-06-17 05:21:51,GTERI,11,,3600.0
2025-06-17 06:21:51,GTERI,11,,3600.0
2025-06-17 07:21:51,GTERI,11,,3600.0
2025-06-17 08:21:51,GTERI,11,,3600.0
2025-06-17 09:21:51,GTERI,11,,3600.0
2025-06-17 10:21:51,GTERI,11,,3600.0
2025-06-17 11:21:51,GTERI,11,,3600.0
2025-06-17 12:21:51,GTERI,11,,3600.0
2025-06-17 13:21:51,GTERI,11,,3600.0
2025-06-17 14:21:51,GTERI,11,,3600.0
2025-06-17 15:21:51,GTERI,11,,3600.0
2025-06-17 16:21:51,GTERI,11,,3600.0
2025-06-17 17:21:51,GTERI,11,,3600.0
2025-06-17 18:21:51,GTERI,11,,3600.0
2025-06-17 19:21:51,GTERI,11,,3600.0
2025-06-17 20:21:51,GTERI,11,,3600.0
2025-06-17 21:21:51,GTERI,11,,3600.0
2025-06-17 22:21:51,GTERI,11,,3600.0
2025-06-17 23:21:51,GTERI,11,,3600.0
2025-06-18 00:21:51,GTERI,11,,3600.0
2025-06-18 01:21:51,GTERI,11,,3600.0
2025-06-18 02:21:51,GTERI,11,,3600.0
2025-06-18 03:21:51,GTERI,11,,3600.0
2025-06-18 04:21:51,GTERI,11,,3600.0
2025-06-18 05:21:51,GTERI,11,,3600.0
2025-06-18 06:06:03,GTIGN,,,
2025-06-18 06:06:19,GTERI,22,16.0,
2025-06-18 06:09:12,GTERI,22,173.0,
2025-06-18 06:12:12,GTERI,22,180.0,
2025-06-18 06:15:12,GTERI,22,180.0,
2025-06-18 06:18:12,GTERI,22,180.0,
2025-06-18 06:21:12,GTERI,22,180.0,
2025-06-18 06:24:12,GTERI,22,180.0,
2025-06-18 06:27:12,GTERI,22,180.0,
2025-06-18 06:30:12,GTERI,22,180.0,
2025-06-18 06:33:12,GTERI,22,180.0,
2025-06-18 06:36:12,GTERI,22,180.0,
2025-06-18 06:39:12,GTERI,22,180.0,
2025-06-18 06:42:12,GTERI,22,180.0,
2025-06-18 06:45:12,GTERI,22,180.0,
2025-06-18 06:48:12,GTERI,22,180.0,
2025-06-18 06:51:12,GTERI,22,180.0,
2025-06-18 06:54:12,GTERI,22,180.0,
2025-06-18 06:57:12,GTERI,22,180.0,
2025-06-18 07:00:12,GTERI,22,180.0,
2025-06-18 07:03:12,GTERI,22,180.0,
2025-06-18 07:04:15,GTIGF,,,
2025-06-18 07:04:15,GTERI,12,,0.0
2025-06-18 07:22:12,GTIGN,,,
2025-06-18 07:22:21,GTERI,22,9.0,
2025-06-18 07:25:21,GTERI,22,180.0,
2025-06-18 07:28:21,GTERI,22,180.0,
2025-06-18 07:31:21,GTERI,22,180.0,
2025-06-18 07:34:21,GTERI,22,180.0,
2025-06-18 07:36:16,GTIGF,,,
2025-06-18 07:36:16,GTERI,12,,0.0
2025-06-18 08:18:04,GTIGN,,,
2025-06-18 08:18:13,GTERI,22,9.0,
2025-06-18 08:21:12,GTERI,22,179.0,
2025-06-18 08:24:12,GTERI,22,180.0,
2025-06-18 08:26:08,GTIGF,,,
2025-06-18 08:26:09,GTERI,12,,1.0
2025-06-18 09:26:04,GTERI,11,,3595.0
2025-06-18 10:26:04,GTERI,11,,3600.0
2025-06-18 11:26:04,GTERI,11,,3600.0
2025-06-18 12:22:01,GTIGN,,,
2025-06-18 12:22:09,GTERI,22,8.0,
2025-06-18 12:25:10,GTERI,22,181.0,
2025-06-18 12:28:10,GTERI,22,180.0,
2025-06-18 12:31:10,GTERI,22,180.0,
2025-06-18 12:34:10,GTERI,22,180.0,
2025-06-18 12:34:33,GTIGF,,,
2025-06-18 12:34:34,GTERI,12,,1.0
2025-06-18 13:17:36,GTIGN,,,
2025-06-18 13:17:47,GTERI,22,11.0,
2025-06-18 13:20:44,GTERI,22,177.0,
2025-06-18 13:23:44,GTERI,22,180.0,
2025-06-18 13:25:26,GTERI,12,,3052.0
2025-06-18 13:25:26,GTIGF,,,
2025-06-18 14:25:21,GTERI,11,,3595.0
2025-06-18 15:25:21,GTERI,11,,3600.0
2025-06-18 15:29:05,GTIGN,,,
2025-06-18 15:29:24,GTERI,22,19.0,
2025-06-18 15:32:14,GTERI,22,170.0,
2025-06-18 15:35:14,GTERI,22,180.0,
2025-06-18 15:38:14,GTERI,22,180.0,
2025-06-18 15:41:14,GTERI,22,180.0,
2025-06-18 15:43:25,GTIGF,,,
2025-06-18 15:43:26,GTERI,12,,1.0
2025-06-18 16:43:20,GTERI,11,,3594.0
2025-06-18 17:26:51,GTIGN,,,
2025-06-18 17:26:59,GTERI,22,8.0,
2025-06-18 17:29:56,GTERI,22,177.0,
2025-06-18 17:32:56,GTERI,22,180.0,
2025-06-18 17:35:56,GTERI,22,180.0,
2025-06-18 17:38:56,GTERI,22,180.0,
2025-06-18 17:41:56,GTERI,22,180.0,
2025-06-18 17:44:56,GTERI,22,180.0,
2025-06-18 17:47:56,GTERI,22,180.0,
2025-06-18 17:50:56,GTERI,22,180.0,
2025-06-18 17:53:56,GTERI,22,180.0,
2025-06-18 17:56:56,GTERI,22,180.0,
2025-06-18 17:59:56,GTERI,22,180.0,
2025-06-18 18:02:56,GTERI,22,180.0,
2025-06-18 18:05:56,GTERI,22,180.0,
2025-06-18 18:08:56,GTERI,22,180.0,
2025-06-18 18:11:56,GTERI,22,180.0,
2025-06-18 18:14:56,GTERI,22,180.0,
2025-06-18 18:17:56,GTERI,22,180.0,
2025-06-18 18:20:56,GTERI,22,180.0,
2025-06-18 18:23:56,GTERI,22,180.0,
2025-06-18 18:26:56,GTERI,22,180.0,
2025-06-18 18:29:56,GTERI,22,180.0,
2025-06-18 18:32:56,GTERI,22,180.0,
2025-06-18 18:35:56,GTERI,22,180.0,
2025-06-18 18:38:56,GTERI,22,180.0,
2025-06-18 18:41:56,GTERI,22,180.0,
2025-06-18 18:44:23,GTIGF,,,
2025-06-18 18:44:24,GTERI,12,,1.0
2025-06-18 18:45:43,GTIGN,,,
2025-06-18 18:45:47,GTERI,22,4.0,
2025-06-18 18:48:49,GTERI,22,182.0,
2025-06-18 18:51:49,GTERI,22,180.0,
2025-06-18 18:52:10,GTIGF,,,
2025-06-18 18:52:11,GTERI,12,,1.0
2025-06-18 19:52:05,GTERI,11,,3594.0
2025-06-18 20:52:05,GTERI,11,,3600.0
2025-06-18 21:52:05,GTERI,11,,3600.0
2025-06-18 22:52:05,GTERI,11,,3600.0
2025-06-18 23:52:05,GTERI,11,,3600.0
2025-06-19 00:52:05,GTERI,11,,3600.0
2025-06-19 01:52:05,GTERI,11,,3600.0
2025-06-19 02:52:05,GTERI,11,,3600.0
2025-06-19 03:52:05,GTERI,11,,3600.0
2025-06-19 04:52:05,GTERI,11,,3600.0
2025-06-19 05:52:05,GTERI,11,,3600.0
2025-06-19 06:52:05,GTERI,11,,3600.0
2025-06-19 07:52:05,GTERI,11,,3600.0
2025-06-19 08:52:05,GTERI,11,,3600.0
2025-06-19 09:52:05,GTERI,11,,3600.0
2025-06-19 10:52:05,GTERI,11,,3600.0
2025-06-19 11:52:05,GTERI,11,,3600.0
2025-06-19 11:59:23,GTIGN,,,
2025-06-19 11:59:36,GTERI,22,13.0,
2025-06-19 12:00:21,GTIGF,,,
2025-06-19 12:00:21,GTERI,12,,0.0
2025-06-19 13:00:16,GTERI,11,,3595.0
2025-06-19 14:00:16,GTERI,11,,3600.0
2025-06-19 15:00:16,GTERI,11,,3600.0
2025-06-19 16:00:16,GTERI,11,,3600.0
2025-06-19 17:00:16,GTERI,11,,3600.0
2025-06-19 17:31:29,GTIGN,,,
2025-06-19 17:31:47,GTERI,22,18.0,
2025-06-19 17:32:10,GTIGF,,,
2025-06-19 17:32:10,GTERI,12,,0.0
2025-06-19 18:32:06,GTERI,11,,3596.0
2025-06-19 19:32:06,GTERI,11,,3600.0
2025-06-19 20:32:06,GTERI,11,,3600.0
2025-06-19 21:32:06,GTERI,11,,3600.0
2025-06-19 22:32:06,GTERI,11,,3600.0
2025-06-19 23:32:06,GTERI,11,,3600.0
2025-06-20 00:32:06,GTERI,11,,3600.0
2025-06-20 01:32:06,GTERI,11,,3600.0
2025-06-20 02:32:06,GTERI,11,,3600.0
2025-06-20 03:32:06,GTERI,11,,3600.0
2025-06-20 04:32:06,GTERI,11,,3600.0
2025-06-20 05:32:06,GTERI,11,,3600.0
2025-06-20 06:32:06,GTERI,11,,3600.0
2025-06-20 07:32:06,GTERI,11,,3600.0
2025-06-20 08:32:06,GTERI,11,,3600.0
2025-06-20 09:32:06,GTERI,11,,3600.0
2025-06-20 09:42:20,GTIGN,,,
2025-06-20 09:42:31,GTERI,22,11.0,
2025-06-20 09:43:32,GTIGF,,,
2025-06-20 09:43:33,GTERI,12,,1.0
2025-06-20 10:43:28,GTERI,11,,3595.0
2025-06-20 11:43:28,GTERI,11,,3600.0
2025-06-20 11:43:28,GTERI,11,,0.0
2025-06-20 12:43:28,GTERI,11,,3600.0
2025-06-20 13:43:28,GTERI,11,,3600.0
2025-06-20 14:43:28,GTERI,11,,3600.0
2025-06-20 15:43:28,GTERI,11,,3600.0
2025-06-20 16:43:28,GTERI,11,,3600.0
2025-06-20 17:43:28,GTERI,11,,3600.0
2025-06-20 18:43:28,GTERI,11,,3600.0
2025-06-20 18:45:45,GTIGN,,,
2025-06-20 18:45:53,GTERI,22,8.0,
2025-06-20 18:46:59,GTIGF,,,
2025-06-20 18:46:59,GTERI,12,,0.0
2025-06-20 19:46:54,GTERI,11,,3595.0
2025-06-20 20:46:54,GTERI,11,,3600.0
2025-06-20 21:46:54,GTERI,11,,3600.0
2025-06-20 22:46:54,GTERI,11,,3600.0
2025-06-20 23:46:54,GTERI,11,,3600.0
2025-06-21 00:46:54,GTERI,11,,3600.0
2025-06-21 01:46:54,GTERI,11,,3600.0
2025-06-21 02:46:54,GTERI,11,,3600.0
2025-06-21 03:46:54,GTERI,11,,3600.0
2025-06-21 04:46:54,GTERI,11,,3600.0
2025-06-21 05:46:54,GTERI,11,,3600.0
2025-06-21 06:46:54,GTERI,11,,3600.0
2025-06-21 07:46:54,GTERI,11,,3600.0
2025-06-21 08:46:54,GTERI,11,,3600.0
2025-06-21 09:46:54,GTERI,11,,3600.0
2025-06-21 10:46:54,GTERI,11,,3600.0
2025-06-21 11:46:54,GTERI,11,,3600.0
2025-06-21 12:46:54,GTERI,11,,3600.0
2025-06-21 13:46:54,GTERI,11,,3600.0
2025-06-21 14:46:54,GTERI,11,,3600.0
2025-06-21 15:46:54,GTERI,11,,3600.0
2025-06-21 16:46:54,GTERI,11,,3600.0
2025-06-21 17:46:54,GTERI,11,,3600.0
2025-06-21 18:46:54,GTERI,11,,3600.0
2025-06-21 19:46:54,GTERI,11,,3600.0
2025-06-21 20:46:54,GTERI,11,,3600.0
2025-06-21 21:46:54,GTERI,11,,3600.0
2025-06-21 22:46:54,GTERI,11,,3600.0
2025-06-21 23:46:54,GTERI,11,,3600.0
2025-06-22 00:46:54,GTERI,11,,3600.0
2025-06-22 01:46:54,GTERI,11,,3600.0
2025-06-22 02:46:54,GTERI,11,,3600.0
2025-06-22 03:46:54,GTERI,11,,3600.0
2025-06-22 04:46:54,GTERI,11,,3600.0
2025-06-22 05:46:54,GTERI,11,,3600.0
2025-06-22 06:46:54,GTERI,11,,3600.0
2025-06-22 07:46:54,GTERI,11,,3600.0
2025-06-22 08:46:54,GTERI,11,,3600.0
2025-06-22 09:46:54,GTERI,11,,3600.0
2025-06-22 10:46:54,GTERI,11,,3600.0
2025-06-22 11:46:54,GTERI,11,,3600.0
2025-06-22 12:46:54,GTERI,11,,3600.0
2025-06-22 13:46:54,GTERI,11,,3600.0
2025-06-22 14:46:54,GTERI,11,,3600.0
2025-06-22 15:46:54,GTERI,11,,3600.0
2025-06-22 16:46:54,GTERI,11,,3600.0
2025-06-22 17:46:54,GTERI,11,,3600.0
2025-06-22 18:46:54,GTERI,11,,3600.0
2025-06-22 19:46:54,GTERI,11,,3600.0
2025-06-22 20:46:54,GTERI,11,,3600.0
2025-06-22 21:35:36,GTIGN,,,
2025-06-22 21:35:45,GTIGF,,,
2025-06-22 21:36:39,GTERI,11,,54.0
2025-06-22 22:35:40,GTERI,11,,3541.0
2025-06-22 23:35:40,GTERI,11,,3600.0
2025-06-23 00:35:40,GTERI,11,,3600.0
2025-06-23 01:35:40,GTERI,11,,3600.0
2025-06-23 02:35:40,GTERI,11,,3600.0
2025-06-23 03:35:40,GTERI,11,,3600.0
2025-06-23 04:35:40,GTERI,11,,3600.0
2025-06-23 05:35:40,GTERI,11,,3600.0
2025-06-23 06:05:49,GTIGN,,,
2025-06-23 06:06:31,GTERI,22,42.0,
2025-06-23 06:08:56,GTERI,22,145.0,
2025-06-23 06:11:56,GTERI,22,180.0,
2025-06-23 06:14:56,GTERI,22,180.0,
2025-06-23 06:17:56,GTERI,22,180.0,
2025-06-23 06:20:56,GTERI,22,180.0,
2025-06-23 06:23:56,GTERI,22,180.0,
2025-06-23 06:26:56,GTERI,22,180.0,
2025-06-23 06:29:56,GTERI,22,180.0,
2025-06-23 06:32:56,GTERI,22,180.0,
2025-06-23 06:35:56,GTERI,22,180.0,
2025-06-23 06:38:56,GTERI,22,180.0,
2025-06-23 06:41:57,GTERI,22,181.0,
2025-06-23 06:44:57,GTERI,22,180.0,
2025-06-23 06:47:57,GTERI,22,180.0,
2025-06-23 06:50:57,GTERI,22,180.0,
2025-06-23 06:53:57,GTERI,22,180.0,
2025-06-23 06:56:57,GTERI,22,180.0,
2025-06-23 06:59:57,GTERI,22,180.0,
2025-06-23 07:02:57,GTERI,22,180.0,
2025-06-23 07:05:57,GTERI,22,180.0,
2025-06-23 07:08:11,GTIGF,,,
2025-06-23 07:08:11,GTERI,12,,0.0
2025-06-23 08:08:06,GTERI,11,,3595.0
2025-06-23 08:41:14,GTIGN,,,
2025-06-23 08:41:22,GTERI,22,8.0,
2025-06-23 08:42:28,GTIGF,,,
2025-06-23 08:42:28,GTERI,12,,0.0
2025-06-23 08:42:44,GTIGN,,,
2025-06-23 08:42:48,GTERI,22,4.0,
2025-06-23 08:45:49,GTERI,22,181.0,
2025-06-23 08:48:49,GTERI,22,180.0,
2025-06-23 08:51:49,GTERI,22,180.0,
2025-06-23 08:52:10,GTIGF,,,
2025-06-23 08:52:10,GTERI,12,,0.0
2025-06-23 08:56:26,GTIGN,,,
2025-06-23 08:56:31,GTERI,22,5.0,
2025-06-23 08:56:37,GTIGF,,,
2025-06-23 08:56:37,GTERI,12,,0.0
2025-06-23 08:57:04,GTIGN,,,
2025-06-23 08:57:05,GTIGF,,,
2025-06-23 08:57:05,GTIGN,,,
2025-06-23 08:57:10,GTERI,22,5.0,
2025-06-23 09:00:13,GTERI,22,183.0,
2025-06-23 09:03:13,GTERI,22,180.0,
2025-06-23 09:06:13,GTERI,22,180.0,
2025-06-23 09:08:19,GTERI,12,,674.0
2025-06-23 09:08:19,GTIGF,,,
2025-06-23 09:17:50,GTIGN,,,
2025-06-23 09:17:58,GTERI,22,8.0,
2025-06-23 09:20:55,GTERI,22,177.0,
2025-06-23 09:23:55,GTERI,22,180.0,
2025-06-23 09:26:55,GTERI,22,180.0,
2025-06-23 09:29:55,GTERI,22,180.0,
2025-06-23 09:32:55,GTERI,22,180.0,
2025-06-23 09:35:55,GTERI,22,180.0,
2025-06-23 09:38:55,GTERI,22,180.0,
2025-06-23 09:41:55,GTERI,22,180.0,
2025-06-23 09:44:55,GTERI,22,180.0,
2025-06-23 09:47:55,GTERI,22,180.0,
2025-06-23 09:50:55,GTERI,22,180.0,
2025-06-23 09:53:55,GTERI,22,180.0,
2025-06-23 09:56:55,GTERI,22,180.0,
2025-06-23 09:59:55,GTERI,22,180.0,
2025-06-23 10:02:55,GTERI,22,180.0,
2025-06-23 10:05:55,GTERI,22,180.0,
2025-06-23 10:08:55,GTERI,22,180.0,
2025-06-23 10:11:55,GTERI,22,180.0,
2025-06-23 10:14:55,GTERI,22,180.0,
2025-06-23 10:17:55,GTERI,22,180.0,
2025-06-23 10:20:55,GTERI,22,180.0,
2025-06-23 10:23:55,GTERI,22,180.0,
2025-06-23 10:26:55,GTERI,22,180.0,
2025-06-23 10:29:55,GTERI,22,180.0,
2025-06-23 10:32:55,GTERI,22,180.0,
2025-06-23 10:35:55,GTERI,22,180.0,
2025-06-23 10:38:55,GTERI,22,180.0,
2025-06-23 10:41:55,GTERI,22,180.0,
2025-06-23 10:44:37,GTIGF,,,
2025-06-23 10:44:38,GTERI,12,,1.0
2025-06-23 10:47:48,GTIGN,,,
2025-06-23 10:47:52,GTERI,22,4.0,
2025-06-23 10:49:32,GTERI,12,,294.0
2025-06-23 10:49:32,GTIGF,,,
2025-06-23 11:49:27,GTERI,11,,3595.0
2025-06-23 11:50:19,GTIGN,,,
2025-06-23 11:50:30,GTERI,22,11.0,
2025-06-23 11:52:32,GTIGF,,,
2025-06-23 11:52:32,GTERI,12,,0.0
2025-06-23 12:02:23,GTIGN,,,
2025-06-23 12:02:32,GTERI,22,9.0,
2025-06-23 12:03:04,GTIGF,,,
2025-06-23 12:03:04,GTERI,12,,0.0
2025-06-23 12:03:12,GTIGN,,,
2025-06-23 12:03:16,GTERI,22,4.0,
2025-06-23 12:06:12,GTIGF,,,
2025-06-23 12:06:12,GTERI,12,,0.0
2025-06-23 12:38:31,GTIGN,,,
2025-06-23 12:38:39,GTERI,22,8.0,
2025-06-23 12:41:38,GTERI,22,179.0,
2025-06-23 12:44:37,GTERI,12,,2305.0
2025-06-23 12:44:37,GTIGF,,,
2025-06-23 12:44:37,GTERI,12,,0.0
2025-06-23 13:01:02,GTIGN,,,
2025-06-23 13:01:10,GTERI,22,8.0,
2025-06-23 13:02:31,GTIGF,,,
2025-06-23 13:02:31,GTIGN,,,
2025-06-23 13:02:33,GTIGF,,,
2025-06-23 13:02:33,GTIGN,,,
2025-06-23 13:02:37,GTERI,22,4.0,
2025-06-23 13:05:42,GTERI,22,185.0,
2025-06-23 13:08:42,GTERI,22,180.0,
2025-06-23 13:11:42,GTERI,22,180.0,
2025-06-23 13:14:42,GTERI,22,180.0,
2025-06-23 13:17:42,GTERI,22,180.0,
2025-06-23 13:20:42,GTERI,22,180.0,
2025-06-23 13:23:42,GTERI,22,180.0,
2025-06-23 13:26:42,GTERI,22,180.0,
2025-06-23 13:29:42,GTERI,22,180.0,
2025-06-23 13:32:42,GTERI,22,180.0,
2025-06-23 13:35:42,GTERI,22,180.0,
2025-06-23 13:38:42,GTERI,22,180.0,
2025-06-23 13:41:42,GTERI,22,180.0,
2025-06-23 13:44:42,GTERI,22,180.0,
2025-06-23 13:47:42,GTERI,22,180.0,
2025-06-23 13:50:42,GTERI,22,180.0,
2025-06-23 13:53:42,GTERI,22,180.0,
2025-06-23 13:56:42,GTERI,22,180.0,
2025-06-23 13:57:14,GTIGF,,,
2025-06-23 13:57:15,GTERI,12,,1.0
2025-06-23 13:59:26,GTIGN,,,
2025-06-23 13:59:30,GTERI,22,4.0,
2025-06-23 14:00:07,GTIGF,,,
2025-06-23 14:00:07,GTERI,12,,0.0
2025-06-23 14:18:06,GTIGN,,,
2025-06-23 14:18:14,GTERI,22,8.0,
2025-06-23 14:21:13,GTERI,22,179.0,
2025-06-23 14:22:38,GTIGF,,,
2025-06-23 14:22:39,GTERI,12,,1.0
2025-06-23 14:27:03,GTIGN,,,
2025-06-23 14:27:07,GTERI,22,4.0,
2025-06-23 14:27:56,GTIGF,,,
2025-06-23 14:27:56,GTERI,12,,0.0
2025-06-23 14:33:43,GTIGN,,,
2025-06-23 14:33:50,GTERI,22,7.0,
2025-06-23 14:33:52,GTIGF,,,
2025-06-23 14:33:52,GTERI,12,,0.0
2025-06-23 14:35:20,GTIGN,,,
2025-06-23 14:35:24,GTERI,22,4.0,
2025-06-23 14:36:47,GTIGF,,,
2025-06-23 14:36:47,GTERI,12,,0.0
2025-06-23 14:43:48,GTIGN,,,
2025-06-23 14:43:55,GTERI,22,7.0,
2025-06-23 14:46:53,GTERI,22,178.0,
2025-06-23 14:49:53,GTERI,22,180.0,
2025-06-23 14:52:53,GTERI,22,180.0,
2025-06-23 14:55:53,GTERI,22,180.0,
2025-06-23 14:58:53,GTERI,22,180.0,
2025-06-23 15:01:53,GTERI,22,180.0,
2025-06-23 15:04:53,GTERI,22,180.0,
2025-06-23 15:07:53,GTERI,22,180.0,
2025-06-23 15:10:53,GTERI,22,180.0,
2025-06-23 15:13:53,GTERI,22,180.0,
2025-06-23 15:16:54,GTERI,22,181.0,
2025-06-23 15:19:54,GTERI,22,180.0,
2025-06-23 15:20:57,GTIGF,,,
2025-06-23 15:20:57,GTERI,12,,0.0
2025-06-23 15:25:14,GTIGN,,,
2025-06-23 15:25:18,GTERI,22,4.0,
2025-06-23 15:25:51,GTIGF,,,
2025-06-23 15:25:52,GTERI,12,,1.0
2025-06-23 16:25:46,GTERI,11,,3594.0
2025-06-23 17:25:46,GTERI,11,,3600.0
2025-06-23 18:25:46,GTERI,11,,3600.0
2025-06-23 19:25:46,GTERI,11,,3600.0
2025-06-23 20:25:46,GTERI,11,,3600.0
2025-06-23 21:08:51,GTIGN,,,
2025-06-23 21:09:29,GTERI,22,38.0,
2025-06-23 21:11:57,GTERI,22,148.0,
2025-06-23 21:14:57,GTERI,22,180.0,
2025-06-23 21:17:57,GTERI,22,180.0,
2025-06-23 21:20:57,GTERI,22,180.0,
2025-06-23 21:22:42,GTIGF,,,
2025-06-23 21:22:42,GTERI,12,,0.0
2025-06-23 21:28:08,GTIGN,,,
2025-06-23 21:28:16,GTERI,22,8.0,
2025-06-23 21:31:13,GTERI,22,177.0,
2025-06-23 21:34:13,GTERI,22,180.0,
2025-06-23 21:36:00,GTIGF,,,
2025-06-23 21:36:00,GTERI,12,,0.0
2025-06-23 22:35:55,GTERI,11,,3595.0
2025-06-23 23:35:55,GTERI,11,,3600.0
2025-06-24 00:35:55,GTERI,11,,3600.0
2025-06-24 01:35:55,GTERI,11,,3600.0
2025-06-24 02:35:55,GTERI,11,,3600.0
2025-06-24 03:35:55,GTERI,11,,3600.0
2025-06-24 03:38:29,GTIGN,,,
2025-06-24 03:38:38,GTERI,22,9.0,
2025-06-24 03:38:51,GTIGF,,,
2025-06-24 03:38:51,GTERI,12,,0.0
2025-06-24 03:38:51,GTIGN,,,
2025-06-24 03:38:56,GTERI,22,5.0,
2025-06-24 03:41:57,GTERI,22,181.0,
2025-06-24 03:44:57,GTERI,22,180.0,
2025-06-24 03:47:57,GTERI,22,180.0,
2025-06-24 03:50:57,GTERI,22,180.0,
2025-06-24 03:52:09,GTIGF,,,
2025-06-24 03:52:10,GTERI,12,,1.0
2025-06-24 04:12:04,GTIGN,,,
2025-06-24 04:12:12,GTERI,22,8.0,
2025-06-24 04:15:10,GTERI,22,178.0,
2025-06-24 04:18:10,GTERI,22,180.0,
2025-06-24 04:21:10,GTERI,22,180.0,
2025-06-24 04:22:02,GTERI,12,,1792.0
2025-06-24 04:22:02,GTIGF,,,
2025-06-24 04:25:58,GTIGN,,,
2025-06-24 04:26:03,GTERI,22,5.0,
2025-06-24 04:29:03,GTERI,22,180.0,
2025-06-24 04:30:17,GTIGF,,,
2025-06-24 04:30:17,GTERI,12,,0.0
2025-06-24 04:34:44,GTIGN,,,
2025-06-24 04:34:48,GTERI,22,4.0,
2025-06-24 04:37:49,GTIGF,,,
2025-06-24 04:37:49,GTERI,12,,0.0
2025-06-24 04:42:34,GTIGN,,,
2025-06-24 04:42:39,GTERI,22,5.0,
2025-06-24 04:45:40,GTERI,22,181.0,
2025-06-24 04:48:40,GTERI,22,180.0,
2025-06-24 04:51:39,GTERI,12,,830.0
2025-06-24 04:51:39,GTIGF,,,
2025-06-24 04:51:40,GTERI,12,,1.0
2025-06-24 04:55:49,GTIGN,,,
2025-06-24 04:55:53,GTERI,22,4.0,
2025-06-24 04:58:55,GTERI,22,182.0,
2025-06-24 05:01:55,GTERI,22,180.0,
2025-06-24 05:02:28,GTIGF,,,
2025-06-24 05:02:29,GTERI,12,,1.0
2025-06-24 05:16:33,GTIGN,,,
2025-06-24 05:16:42,GTERI,22,9.0,
2025-06-24 05:17:13,GTIGF,,,
2025-06-24 05:17:13,GTERI,12,,0.0
2025-06-24 05:34:13,GTIGN,,,
2025-06-24 05:34:20,GTERI,22,7.0,
2025-06-24 05:34:54,GTERI,12,,1061.0
2025-06-24 05:34:54,GTIGF,,,
2025-06-24 05:37:04,GTIGN,,,
2025-06-24 05:37:09,GTERI,22,5.0,
2025-06-24 05:40:10,GTERI,22,181.0,
2025-06-24 05:43:10,GTERI,22,180.0,
2025-06-24 05:46:10,GTERI,22,180.0,
2025-06-24 05:48:27,GTIGF,,,
2025-06-24 05:48:28,GTERI,12,,1.0
2025-06-24 05:53:14,GTIGN,,,
2025-06-24 05:53:18,GTERI,22,4.0,
2025-06-24 05:56:23,GTERI,22,185.0,
2025-06-24 05:59:23,GTERI,22,180.0,
2025-06-24 06:00:45,GTIGF,,,
2025-06-24 06:00:46,GTERI,12,,1.0
2025-06-24 07:00:40,GTERI,11,,3594.0
2025-06-24 07:59:12,GTIGN,,,
2025-06-24 07:59:20,GTERI,22,8.0,
2025-06-24 07:59:28,GTIGF,,,
2025-06-24 07:59:29,GTERI,12,,1.0
2025-06-24 08:05:25,GTIGN,,,
2025-06-24 08:05:34,GTERI,22,9.0,
2025-06-24 08:08:34,GTERI,22,180.0,
2025-06-24 08:10:33,GTIGF,,,
2025-06-24 08:10:34,GTERI,12,,1.0
2025-06-24 08:13:07,GTIGN,,,
2025-06-24 08:13:11,GTERI,22,4.0,
2025-06-24 08:16:14,GTERI,22,183.0,
2025-06-24 08:19:14,GTERI,22,180.0,
2025-06-24 08:22:14,GTERI,22,180.0,
2025-06-24 08:25:14,GTERI,22,180.0,
2025-06-24 08:28:14,GTERI,22,180.0,
2025-06-24 08:31:14,GTERI,22,180.0,
2025-06-24 08:34:14,GTERI,22,180.0,
2025-06-24 08:37:14,GTERI,22,180.0,
2025-06-24 08:40:14,GTERI,22,180.0,
2025-06-24 08:43:14,GTERI,22,180.0,
2025-06-24 08:46:14,GTERI,22,180.0,
2025-06-24 08:49:14,GTERI,22,180.0,
2025-06-24 08:52:14,GTERI,22,180.0,
2025-06-24 08:55:14,GTERI,22,180.0,
2025-06-24 08:58:14,GTERI,22,180.0,
2025-06-24 09:01:14,GTERI,22,180.0,
2025-06-24 09:04:14,GTERI,22,180.0,
2025-06-24 09:07:14,GTERI,22,180.0,
2025-06-24 09:10:14,GTERI,22,180.0,
2025-06-24 09:13:14,GTERI,22,180.0,
2025-06-24 09:16:14,GTERI,22,180.0,
2025-06-24 09:19:14,GTERI,22,180.0,
2025-06-24 09:22:14,GTERI,22,180.0,
2025-06-24 09:25:14,GTERI,22,180.0,
2025-06-24 09:28:14,GTERI,22,180.0,
2025-06-24 09:31:14,GTERI,22,180.0,
2025-06-24 09:34:14,GTERI,22,180.0,
2025-06-24 09:37:14,GTERI,22,180.0,
2025-06-24 09:40:14,GTERI,22,180.0,
2025-06-24 09:43:14,GTERI,22,180.0,
2025-06-24 09:46:14,GTERI,22,180.0,
2025-06-24 09:49:14,GTERI,22,180.0,
2025-06-24 09:52:14,GTERI,22,180.0,
2025-06-24 09:55:14,GTERI,22,180.0,
2025-06-24 09:58:14,GTERI,22,180.0,
2025-06-24 10:01:14,GTERI,22,180.0,
2025-06-24 10:04:14,GTERI,22,180.0,
2025-06-24 10:07:14,GTERI,22,180.0,
2025-06-24 10:10:14,GTERI,22,180.0,
2025-06-24 10:13:14,GTERI,22,180.0,
2025-06-24 10:16:14,GTERI,22,180.0,
2025-06-24 10:17:14,GTERI,12,,7600.0
2025-06-24 10:17:14,GTIGF,,,
2025-06-24 10:17:53,GTIGN,,,
2025-06-24 10:17:58,GTERI,22,5.0,
2025-06-24 10:20:51,GTIGF,,,
2025-06-24 10:20:52,GTERI,12,,1.0
2025-06-24 10:32:41,GTIGN,,,
2025-06-24 10:32:49,GTERI,22,8.0,
2025-06-24 10:35:46,GTERI,12,,894.0
2025-06-24 10:35:47,GTIGF,,,
2025-06-24 10:35:47,GTERI,12,,0.0
2025-06-24 10:39:02,GTIGN,,,
2025-06-24 10:39:07,GTERI,22,5.0,
2025-06-24 10:42:08,GTERI,22,181.0,
2025-06-24 10:45:08,GTERI,22,180.0,
2025-06-24 10:48:08,GTERI,22,180.0,
2025-06-24 10:48:25,GTIGF,,,
2025-06-24 10:48:25,GTERI,12,,0.0
2025-06-24 11:05:56,GTIGN,,,
2025-06-24 11:06:09,GTERI,22,13.0,
2025-06-24 11:07:14,GTIGF,,,
2025-06-24 11:07:15,GTERI,12,,1.0
2025-06-24 11:11:47,GTIGN,,,
2025-06-24 11:11:52,GTERI,22,5.0,
2025-06-24 11:14:55,GTERI,22,183.0,
2025-06-24 11:17:55,GTERI,22,180.0,
2025-06-24 11:19:24,GTIGF,,,
2025-06-24 11:19:25,GTERI,12,,1.0
2025-06-24 11:22:06,GTIGN,,,
2025-06-24 11:22:11,GTERI,22,5.0,
2025-06-24 11:23:43,GTIGF,,,
2025-06-24 11:23:44,GTERI,12,,1.0
2025-06-24 11:24:52,GTIGN,,,
2025-06-24 11:24:56,GTERI,22,4.0,
2025-06-24 11:27:59,GTERI,22,183.0,
2025-06-24 11:30:59,GTERI,22,180.0,
2025-06-24 11:33:59,GTERI,22,180.0,
2025-06-24 11:36:59,GTERI,22,180.0,
2025-06-24 11:39:59,GTERI,22,180.0,
2025-06-24 11:42:59,GTERI,22,180.0,
2025-06-24 11:45:59,GTERI,22,180.0,
2025-06-24 11:48:59,GTERI,22,180.0,
2025-06-24 11:51:59,GTERI,22,180.0,
2025-06-24 11:54:59,GTERI,22,180.0,
2025-06-24 11:55:28,GTIGF,,,
2025-06-24 11:55:29,GTERI,12,,1.0
2025-06-24 12:26:16,GTIGN,,,
2025-06-24 12:26:24,GTERI,22,8.0,
2025-06-24 12:29:24,GTERI,22,180.0,
2025-06-24 12:32:24,GTERI,22,180.0,
2025-06-24 12:35:24,GTERI,22,180.0,
2025-06-24 12:38:24,GTERI,22,180.0,
2025-06-24 12:41:24,GTERI,22,180.0,
2025-06-24 12:44:26,GTERI,22,182.0,
2025-06-24 12:47:26,GTERI,22,180.0,
2025-06-24 12:50:26,GTERI,22,180.0,
2025-06-24 12:53:26,GTERI,22,180.0,
2025-06-24 12:56:26,GTERI,22,180.0,
2025-06-24 12:59:26,GTERI,22,180.0,
2025-06-24 13:02:26,GTERI,22,180.0,
2025-06-24 13:05:26,GTERI,22,180.0,
2025-06-24 13:08:26,GTERI,22,180.0,
2025-06-24 13:11:27,GTERI,22,181.0,
2025-06-24 13:14:27,GTERI,22,180.0,
2025-06-24 13:17:26,GTERI,22,179.0,
2025-06-24 13:20:26,GTERI,22,180.0,
2025-06-24 13:23:26,GTERI,22,180.0,
2025-06-24 13:26:26,GTERI,22,180.0,
2025-06-24 13:29:26,GTERI,22,180.0,
2025-06-24 13:32:26,GTERI,22,180.0,
2025-06-24 13:35:26,GTERI,22,180.0,
2025-06-24 13:38:26,GTERI,22,180.0,
2025-06-24 13:41:27,GTERI,22,181.0,
2025-06-24 13:44:26,GTERI,22,179.0,
2025-06-24 13:47:26,GTERI,22,180.0,
2025-06-24 13:50:26,GTERI,22,180.0,
2025-06-24 13:52:54,GTIGF,,,
2025-06-24 13:52:54,GTERI,12,,0.0
2025-06-24 14:43:10,GTIGN,,,
2025-06-24 14:43:21,GTERI,22,11.0,
2025-06-24 14:46:19,GTERI,22,178.0,
2025-06-24 14:49:20,GTERI,22,181.0,
2025-06-24 14:52:19,GTERI,22,179.0,
2025-06-24 14:55:19,GTERI,22,180.0,
2025-06-24 14:58:20,GTERI,22,181.0,
2025-06-24 15:01:19,GTERI,22,179.0,
2025-06-24 15:04:21,GTERI,22,182.0,
2025-06-24 15:07:21,GTERI,22,180.0,
2025-06-24 15:10:21,GTERI,22,180.0,
2025-06-24 15:13:21,GTERI,22,180.0,
2025-06-24 15:16:21,GTERI,22,180.0,
2025-06-24 15:19:21,GTERI,22,180.0,
2025-06-24 15:22:23,GTERI,22,182.0,
2025-06-24 15:25:23,GTERI,22,180.0,
2025-06-24 15:28:23,GTERI,22,180.0,
2025-06-24 15:31:23,GTERI,22,180.0,
2025-06-24 15:32:50,GTIGF,,,
2025-06-24 15:32:51,GTERI,12,,1.0
2025-06-24 15:47:34,GTIGN,,,
2025-06-24 15:47:42,GTERI,22,8.0,
2025-06-24 15:49:13,GTIGF,,,
2025-06-24 15:49:14,GTERI,12,,1.0
2025-06-24 16:04:41,GTIGN,,,
2025-06-24 16:04:49,GTERI,22,8.0,
2025-06-24 16:07:49,GTERI,22,180.0,
2025-06-24 16:10:49,GTERI,22,180.0,
2025-06-24 16:11:22,GTIGF,,,
2025-06-24 16:11:22,GTERI,12,,0.0
2025-06-24 17:11:17,GTERI,11,,3595.0
2025-06-24 18:11:17,GTERI,11,,3600.0
2025-06-24 18:25:39,GTIGN,,,
2025-06-24 18:25:48,GTERI,22,9.0,
2025-06-24 18:26:00,GTIGF,,,
2025-06-24 18:26:00,GTIGN,,,
2025-06-24 18:26:05,GTERI,22,5.0,
2025-06-24 18:29:06,GTERI,22,181.0,
2025-06-24 18:32:06,GTERI,22,180.0,
2025-06-24 18:35:06,GTERI,22,180.0,
2025-06-24 18:35:32,GTIGF,,,
2025-06-24 18:35:33,GTIGN,,,
2025-06-24 18:35:37,GTERI,22,4.0,
2025-06-24 18:35:49,GTIGF,,,
2025-06-24 18:35:49,GTERI,12,,0.0
2025-06-24 18:40:14,GTIGN,,,
2025-06-24 18:40:18,GTERI,22,4.0,
2025-06-24 18:43:21,GTERI,22,183.0,
2025-06-24 18:46:21,GTERI,22,180.0,
2025-06-24 18:49:21,GTERI,22,180.0,
2025-06-24 18:52:21,GTERI,22,180.0,
2025-06-24 18:55:21,GTERI,22,180.0,
2025-06-24 18:58:21,GTERI,22,180.0,
2025-06-24 19:01:21,GTERI,22,180.0,
2025-06-24 19:04:22,GTERI,22,181.0,
2025-06-24 19:07:22,GTERI,22,180.0,
2025-06-24 19:10:22,GTERI,22,180.0,
2025-06-24 19:13:22,GTERI,22,180.0,
2025-06-24 19:16:22,GTERI,22,180.0,
2025-06-24 19:19:22,GTERI,22,180.0,
2025-06-24 19:22:22,GTERI,22,180.0,
2025-06-24 19:25:22,GTERI,22,180.0,
2025-06-24 19:28:22,GTERI,22,180.0,
2025-06-24 19:31:22,GTERI,22,180.0,
2025-06-24 19:32:04,GTIGF,,,
2025-06-24 19:32:04,GTERI,12,,0.0
2025-06-24 20:31:59,GTERI,11,,3595.0
2025-06-24 21:31:59,GTERI,11,,3600.0
2025-06-24 22:31:59,GTERI,11,,3600.0
2025-06-24 23:31:59,GTERI,11,,3600.0
2025-06-25 00:31:59,GTERI,11,,3600.0
2025-06-25 01:31:59,GTERI,11,,3600.0
2025-06-25 02:31:59,GTERI,11,,3600.0
2025-06-25 03:31:59,GTERI,11,,3600.0
2025-06-25 04:31:59,GTERI,11,,3600.0
2025-06-25 05:31:59,GTERI,11,,3600.0
2025-06-25 06:31:59,GTERI,11,,3600.0
2025-06-25 07:31:59,GTERI,11,,3600.0
2025-06-25 08:31:59,GTERI,11,,3600.0
2025-06-25 09:31:59,GTERI,11,,3600.0
2025-06-25 10:31:59,GTERI,11,,3600.0
2025-06-25 11:31:59,GTERI,11,,3600.0
2025-06-25 11:32:26,GTIGN,,,
2025-06-25 11:32:30,GTIGF,,,
2025-06-25 11:32:32,GTIGN,,,
2025-06-25 11:32:35,GTIGF,,,
2025-06-25 11:32:35,GTIGN,,,
2025-06-25 11:32:39,GTERI,22,4.0,
2025-06-25 11:32:45,GTIGF,,,
2025-06-25 11:32:45,GTIGN,,,
2025-06-25 11:32:50,GTERI,22,5.0,
2025-06-25 11:32:51,GTIGF,,,
2025-06-25 11:32:52,GTIGN,,,
2025-06-25 11:32:53,GTIGF,,,
2025-06-25 11:32:55,GTIGN,,,
2025-06-25 11:32:59,GTERI,22,4.0,
2025-06-25 11:33:06,GTIGF,,,
2025-06-25 11:33:06,GTERI,12,,0.0
2025-06-25 11:33:07,GTIGN,,,
2025-06-25 11:33:11,GTERI,22,4.0,
2025-06-25 11:33:13,GTIGN,,,
2025-06-25 11:33:13,GTIGF,,,
2025-06-25 11:33:14,GTIGF,,,
2025-06-25 11:33:38,GTIGN,,,
2025-06-25 11:33:39,GTIGF,,,
2025-06-25 11:33:40,GTIGN,,,
2025-06-25 11:33:44,GTERI,12,,5.0
2025-06-25 11:33:44,GTIGF,,,
2025-06-25 11:33:45,GTIGN,,,
2025-06-25 11:33:50,GTERI,22,5.0,
2025-06-25 11:35:46,GTIGF,,,
2025-06-25 11:35:46,GTERI,12,,0.0
2025-06-25 11:35:48,GTIGN,,,
2025-06-25 11:35:49,GTIGF,,,
2025-06-25 11:35:54,GTIGN,,,
2025-06-25 11:35:54,GTIGF,,,
2025-06-25 12:35:41,GTERI,11,,3587.0
2025-06-25 13:35:41,GTERI,11,,3600.0
2025-06-25 14:35:41,GTERI,11,,3600.0
2025-06-25 15:35:41,GTERI,11,,3600.0
2025-06-25 16:35:41,GTERI,11,,3600.0
2025-06-25 17:15:04,GTIGN,,,
2025-06-25 17:15:36,GTERI,22,32.0,
2025-06-25 17:16:43,GTIGF,,,
2025-06-25 17:16:43,GTERI,12,,0.0
2025-06-25 17:16:44,GTIGN,,,
2025-06-25 17:16:47,GTERI,22,3.0,
2025-06-25 17:17:06,GTIGF,,,
2025-06-25 17:17:07,GTERI,12,,1.0
2025-06-25 18:17:01,GTERI,11,,3594.0
2025-06-25 19:17:01,GTERI,11,,3600.0
2025-06-25 20:17:01,GTERI,11,,3600.0
2025-06-25 21:17:01,GTERI,11,,3600.0
2025-06-25 22:17:01,GTERI,11,,3600.0
2025-06-25 23:17:01,GTERI,11,,3600.0
2025-06-26 00:17:01,GTERI,11,,3600.0
2025-06-26 01:17:01,GTERI,11,,3600.0
2025-06-26 02:17:01,GTERI,11,,3600.0
2025-06-26 03:17:01,GTERI,11,,3600.0
2025-06-26 04:17:01,GTERI,11,,3600.0
2025-06-26 05:17:01,GTERI,11,,3600.0
2025-06-26 06:02:54,GTIGN,,,
2025-06-26 06:04:20,GTERI,22,86.0,
2025-06-26 06:06:02,GTERI,22,102.0,
2025-06-26 06:09:02,GTERI,22,180.0,
2025-06-26 06:12:02,GTERI,22,180.0,
2025-06-26 06:15:02,GTERI,22,180.0,
2025-06-26 06:18:02,GTERI,22,180.0,
2025-06-26 06:21:02,GTERI,22,180.0,
2025-06-26 06:24:02,GTERI,22,180.0,
2025-06-26 06:27:02,GTERI,22,180.0,
2025-06-26 06:30:02,GTERI,22,180.0,
2025-06-26 06:33:02,GTERI,22,180.0,
2025-06-26 06:36:03,GTERI,22,181.0,
2025-06-26 06:39:03,GTERI,22,180.0,
2025-06-26 06:42:03,GTERI,22,180.0,
2025-06-26 06:45:03,GTERI,22,180.0,
2025-06-26 06:48:03,GTERI,22,180.0,
2025-06-26 06:51:03,GTERI,22,180.0,
2025-06-26 06:54:03,GTERI,22,180.0,
2025-06-26 06:57:03,GTERI,22,180.0,
2025-06-26 07:00:03,GTERI,22,180.0,
2025-06-26 07:01:47,GTIGF,,,
2025-06-26 07:01:47,GTERI,12,,0.0
2025-06-26 07:40:45,GTIGN,,,
2025-06-26 07:40:53,GTERI,22,8.0,
2025-06-26 07:43:53,GTERI,22,180.0,
2025-06-26 07:46:53,GTERI,22,180.0,
2025-06-26 07:49:53,GTERI,22,180.0,
2025-06-26 07:52:53,GTERI,22,180.0,
2025-06-26 07:53:17,GTIGF,,,
2025-06-26 07:53:17,GTERI,12,,0.0
2025-06-26 08:53:12,GTERI,11,,3595.0
2025-06-26 09:53:12,GTERI,11,,3600.0
2025-06-26 10:53:01,GTIGN,,,
2025-06-26 10:53:09,GTERI,22,8.0,
2025-06-26 10:56:08,GTERI,22,179.0,
2025-06-26 10:59:08,GTERI,22,180.0,
2025-06-26 11:02:08,GTERI,22,180.0,
2025-06-26 11:05:08,GTERI,22,180.0,
2025-06-26 11:08:08,GTERI,22,180.0,
2025-06-26 11:11:08,GTERI,22,180.0,
2025-06-26 11:14:08,GTERI,22,180.0,
2025-06-26 11:17:08,GTERI,22,180.0,
2025-06-26 11:20:08,GTERI,22,180.0,
2025-06-26 11:23:08,GTERI,22,180.0,
2025-06-26 11:26:08,GTERI,22,180.0,
2025-06-26 11:29:08,GTERI,22,180.0,
2025-06-26 11:32:08,GTERI,22,180.0,
2025-06-26 11:35:08,GTERI,22,180.0,
2025-06-26 11:37:46,GTIGF,,,
2025-06-26 11:37:46,GTERI,12,,0.0
2025-06-26 11:47:17,GTIGN,,,
2025-06-26 11:47:24,GTERI,22,7.0,
2025-06-26 11:49:01,GTIGF,,,
2025-06-26 11:49:01,GTERI,12,,0.0
2025-06-26 12:02:46,GTIGN,,,
2025-06-26 12:02:55,GTERI,22,9.0,
2025-06-26 12:02:58,GTIGF,,,
2025-06-26 12:02:59,GTIGN,,,
2025-06-26 12:03:03,GTERI,22,4.0,
2025-06-26 12:04:47,GTIGF,,,
2025-06-26 12:04:48,GTERI,12,,1.0
2025-06-26 13:04:42,GTERI,11,,3594.0
2025-06-26 14:04:42,GTERI,11,,3600.0
2025-06-26 14:53:25,GTIGN,,,
2025-06-26 14:53:39,GTERI,22,14.0,
2025-06-26 14:56:33,GTERI,22,174.0,
2025-06-26 14:59:33,GTERI,22,180.0,
2025-06-26 15:02:33,GTERI,22,180.0,
2025-06-26 15:05:33,GTERI,22,180.0,
2025-06-26 15:08:33,GTERI,22,180.0,
2025-06-26 15:11:33,GTERI,22,180.0,
2025-06-26 15:14:33,GTERI,22,180.0,
2025-06-26 15:17:33,GTERI,22,180.0,
2025-06-26 15:20:33,GTERI,22,180.0,
2025-06-26 15:23:33,GTERI,22,180.0,
2025-06-26 15:26:33,GTERI,22,180.0,
2025-06-26 15:27:49,GTIGF,,,
2025-06-26 15:27:49,GTERI,12,,0.0
2025-06-26 15:35:33,GTIGN,,,
2025-06-26 15:35:41,GTERI,22,8.0,
2025-06-26 15:38:41,GTERI,22,180.0,
2025-06-26 15:41:41,GTERI,22,180.0,
2025-06-26 15:44:41,GTERI,22,180.0,
2025-06-26 15:45:33,GTIGF,,,
2025-06-26 15:45:33,GTERI,12,,0.0
2025-06-26 16:45:28,GTERI,11,,3595.0
2025-06-26 16:46:07,GTIGN,,,
2025-06-26 16:46:16,GTERI,22,9.0,
2025-06-26 16:49:14,GTERI,22,178.0,
2025-06-26 16:52:14,GTERI,22,180.0,
2025-06-26 16:55:14,GTERI,22,180.0,
2025-06-26 16:58:14,GTERI,22,180.0,
2025-06-26 16:58:14,GTERI,22,0.0,
2025-06-26 17:01:14,GTERI,22,180.0,
2025-06-26 17:04:14,GTERI,22,180.0,
2025-06-26 17:07:14,GTERI,22,180.0,
2025-06-26 17:10:14,GTERI,22,180.0,
2025-06-26 17:13:14,GTERI,22,180.0,
2025-06-26 17:16:15,GTERI,22,181.0,
2025-06-26 17:19:15,GTERI,22,180.0,
2025-06-26 17:22:15,GTERI,22,180.0,
2025-06-26 17:25:15,GTERI,22,180.0,
2025-06-26 17:28:15,GTERI,22,180.0,
2025-06-26 17:31:15,GTERI,22,180.0,
2025-06-26 17:34:15,GTERI,22,180.0,
2025-06-26 17:37:15,GTERI,22,180.0,
2025-06-26 17:40:15,GTERI,22,180.0,
2025-06-26 17:43:15,GTERI,22,180.0,
2025-06-26 17:43:37,GTERI,12,,3489.0
2025-06-26 17:43:37,GTIGF,,,
2025-06-26 18:08:13,GTIGN,,,
2025-06-26 18:08:22,GTERI,22,9.0,
2025-06-26 18:11:18,GTERI,22,176.0,
2025-06-26 18:14:18,GTERI,22,180.0,
2025-06-26 18:14:54,GTIGF,,,
2025-06-26 18:14:55,GTERI,12,,1.0
2025-06-26 19:14:49,GTERI,11,,3594.0
2025-06-26 20:14:49,GTERI,11,,3600.0
2025-06-26 21:14:49,GTERI,11,,3600.0
2025-06-26 22:14:49,GTERI,11,,3600.0
2025-06-26 23:14:49,GTERI,11,,3600.0
2025-06-27 00:14:49,GTERI,11,,3600.0
2025-06-27 01:14:49,GTERI,11,,3600.0
2025-06-27 02:14:49,GTERI,11,,3600.0
2025-06-27 03:14:49,GTERI,11,,3600.0
2025-06-27 04:14:49,GTERI,11,,3600.0
2025-06-27 05:14:49,GTERI,11,,3600.0
2025-06-27 06:06:37,GTIGN,,,
2025-06-27 06:07:30,GTERI,22,53.0,
2025-06-27 06:09:45,GTERI,22,135.0,
2025-06-27 06:12:45,GTERI,22,180.0,
2025-06-27 06:15:45,GTERI,22,180.0,
2025-06-27 06:18:45,GTERI,22,180.0,
2025-06-27 06:21:45,GTERI,22,180.0,
2025-06-27 06:24:45,GTERI,22,180.0,
2025-06-27 06:27:45,GTERI,22,180.0,
2025-06-27 06:30:45,GTERI,22,180.0,
2025-06-27 06:33:45,GTERI,22,180.0,
2025-06-27 06:36:45,GTERI,22,180.0,
2025-06-27 06:39:45,GTERI,22,180.0,
2025-06-27 06:42:45,GTERI,22,180.0,
2025-06-27 06:45:47,GTERI,22,182.0,
2025-06-27 06:48:47,GTERI,22,180.0,
2025-06-27 06:51:47,GTERI,22,180.0,
2025-06-27 06:54:47,GTERI,22,180.0,
2025-06-27 06:57:47,GTERI,22,180.0,
2025-06-27 07:00:47,GTERI,22,180.0,
2025-06-27 07:03:47,GTERI,22,180.0,
2025-06-27 07:06:47,GTERI,22,180.0,
2025-06-27 07:09:47,GTERI,22,180.0,
2025-06-27 07:12:47,GTERI,22,180.0,
2025-06-27 07:15:47,GTERI,22,180.0,
2025-06-27 07:18:47,GTERI,22,180.0,
2025-06-27 07:21:47,GTERI,22,180.0,
2025-06-27 07:24:47,GTERI,22,180.0,
2025-06-27 07:27:47,GTERI,22,180.0,
2025-06-27 07:30:47,GTERI,22,180.0,
2025-06-27 07:33:47,GTERI,22,180.0,
2025-06-27 07:36:47,GTERI,22,180.0,
2025-06-27 07:39:47,GTERI,22,180.0,
2025-06-27 07:42:47,GTERI,22,180.0,
2025-06-27 07:45:47,GTERI,22,180.0,
2025-06-27 07:48:47,GTERI,22,180.0,
2025-06-27 07:51:47,GTERI,22,180.0,
2025-06-27 07:54:47,GTERI,22,180.0,
2025-06-27 07:57:47,GTERI,22,180.0,
2025-06-27 08:00:47,GTERI,22,180.0,
2025-06-27 08:03:47,GTERI,22,180.0,
2025-06-27 08:06:47,GTERI,22,180.0,
2025-06-27 08:09:47,GTERI,22,180.0,
2025-06-27 08:12:47,GTERI,22,180.0,
2025-06-27 08:15:47,GTERI,22,180.0,
2025-06-27 08:18:47,GTERI,22,180.0,
2025-06-27 08:21:47,GTERI,22,180.0,
2025-06-27 08:24:47,GTERI,22,180.0,
2025-06-27 08:25:45,GTIGF,,,
2025-06-27 08:25:45,GTERI,12,,0.0
2025-06-27 09:19:35,GTIGN,,,
2025-06-27 09:19:44,GTIGF,,,
2025-06-27 09:19:45,GTERI,12,,1.0
2025-06-27 10:19:39,GTERI,11,,3594.0
2025-06-27 10:38:55,GTIGN,,,
2025-06-27 10:39:02,GTERI,22,7.0,
2025-06-27 10:42:05,GTERI,22,183.0,
2025-06-27 10:45:07,GTERI,22,182.0,
2025-06-27 10:48:07,GTERI,22,180.0,
2025-06-27 10:51:07,GTERI,22,180.0,
2025-06-27 10:54:07,GTERI,22,180.0,
2025-06-27 10:57:07,GTERI,22,180.0,
2025-06-27 10:57:44,GTIGF,,,
2025-06-27 10:57:45,GTERI,12,,1.0
2025-06-27 10:58:32,GTIGN,,,
2025-06-27 10:58:36,GTERI,22,4.0,
2025-06-27 10:58:56,GTIGF,,,
2025-06-27 10:58:57,GTERI,12,,1.0
2025-06-27 11:23:44,GTIGN,,,
2025-06-27 11:23:59,GTERI,22,15.0,
2025-06-27 11:25:03,GTIGF,,,
2025-06-27 11:25:03,GTERI,12,,0.0
2025-06-27 11:25:08,GTIGN,,,
2025-06-27 11:25:12,GTERI,22,4.0,
2025-06-27 11:26:18,GTIGF,,,
2025-06-27 11:26:19,GTERI,12,,1.0
2025-06-27 11:26:23,GTIGN,,,
2025-06-27 11:26:28,GTERI,22,5.0,
2025-06-27 11:27:01,GTIGF,,,
2025-06-27 11:27:02,GTERI,12,,1.0
2025-06-27 11:27:51,GTIGN,,,
2025-06-27 11:27:56,GTERI,22,5.0,
2025-06-27 11:28:56,GTIGF,,,
2025-06-27 11:28:56,GTERI,12,,0.0
2025-06-27 11:28:56,GTIGN,,,
2025-06-27 11:29:00,GTERI,22,4.0,
2025-06-27 11:29:02,GTIGN,,,
2025-06-27 11:29:02,GTIGF,,,
2025-06-27 11:29:07,GTERI,22,5.0,
2025-06-27 11:32:09,GTERI,22,182.0,
2025-06-27 11:35:09,GTERI,22,180.0,
2025-06-27 11:38:09,GTERI,22,180.0,
2025-06-27 11:41:09,GTERI,22,180.0,
2025-06-27 11:43:54,GTIGN,,,
2025-06-27 11:43:54,GTIGF,,,
2025-06-27 11:43:59,GTERI,22,5.0,
2025-06-27 11:44:00,GTIGN,,,
2025-06-27 11:44:00,GTIGF,,,
2025-06-27 11:44:00,GTERI,12,,0.0
2025-06-27 11:44:04,GTERI,22,4.0,
2025-06-27 11:44:23,GTIGF,,,
2025-06-27 11:44:23,GTERI,12,,0.0
2025-06-27 12:33:32,GTIGN,,,
2025-06-27 12:33:40,GTERI,22,8.0,
2025-06-27 12:34:43,GTIGF,,,
2025-06-27 12:34:44,GTIGN,,,
2025-06-27 12:34:44,GTIGF,,,
2025-06-27 12:44:24,GTIGN,,,
2025-06-27 12:44:37,GTERI,22,13.0,
2025-06-27 12:45:31,GTIGF,,,
2025-06-27 12:45:32,GTERI,12,,1.0
2025-06-27 12:45:32,GTIGN,,,
2025-06-27 12:45:37,GTERI,22,5.0,
2025-06-27 12:45:51,GTIGF,,,
2025-06-27 12:45:52,GTERI,12,,1.0
2025-06-27 12:48:12,GTIGN,,,
2025-06-27 12:48:17,GTERI,22,5.0,
2025-06-27 12:51:18,GTERI,22,181.0,
2025-06-27 12:53:26,GTERI,12,,454.0
2025-06-27 12:53:26,GTIGF,,,
2025-06-27 12:53:27,GTIGN,,,
2025-06-27 12:53:31,GTERI,22,4.0,
2025-06-27 12:56:33,GTERI,22,182.0,
2025-06-27 12:59:33,GTERI,22,180.0,
2025-06-27 13:02:33,GTERI,22,180.0,
2025-06-27 13:05:33,GTERI,22,180.0,
2025-06-27 13:08:33,GTERI,22,180.0,
2025-06-27 13:11:33,GTERI,22,180.0,
2025-06-27 13:14:33,GTERI,22,180.0,
2025-06-27 13:17:33,GTERI,22,180.0,
2025-06-27 13:20:33,GTERI,22,180.0,
2025-06-27 13:23:33,GTERI,22,180.0,
2025-06-27 13:26:33,GTERI,22,180.0,
2025-06-27 13:28:18,GTIGF,,,
2025-06-27 13:28:18,GTERI,12,,0.0
2025-06-27 14:00:50,GTIGN,,,
2025-06-27 14:00:59,GTERI,22,9.0,
2025-06-27 14:04:00,GTERI,22,181.0,
2025-06-27 14:07:00,GTERI,22,180.0,
2025-06-27 14:10:00,GTERI,22,180.0,
2025-06-27 14:13:00,GTERI,22,180.0,
2025-06-27 14:16:00,GTERI,22,180.0,
2025-06-27 14:19:00,GTERI,22,180.0,
2025-06-27 14:22:00,GTERI,22,180.0,
2025-06-27 14:25:01,GTERI,22,181.0,
2025-06-27 14:28:01,GTERI,22,180.0,
2025-06-27 14:31:01,GTERI,22,180.0,
2025-06-27 14:34:01,GTERI,22,180.0,
2025-06-27 14:37:01,GTERI,22,180.0,
2025-06-27 14:40:01,GTERI,22,180.0,
2025-06-27 14:43:01,GTERI,22,180.0,
2025-06-27 14:46:01,GTERI,22,180.0,
2025-06-27 14:49:01,GTERI,22,180.0,
2025-06-27 14:49:10,GTIGF,,,
2025-06-27 14:49:11,GTERI,12,,1.0
2025-06-27 15:49:05,GTERI,11,,3594.0
2025-06-27 16:49:05,GTERI,11,,3600.0
2025-06-27 17:49:05,GTERI,11,,3600.0
2025-06-27 18:49:05,GTERI,11,,3600.0
2025-06-27 19:49:05,GTERI,11,,3600.0
2025-06-27 20:49:05,GTERI,11,,3600.0
2025-06-27 21:49:05,GTERI,11,,3600.0
2025-06-27 22:49:05,GTERI,11,,3600.0
2025-06-27 23:49:05,GTERI,11,,3600.0
2025-06-28 00:49:05,GTERI,11,,3600.0
2025-06-28 01:49:05,GTERI,11,,3600.0
2025-06-28 02:49:05,GTERI,11,,3600.0
2025-06-28 03:49:05,GTERI,11,,3600.0
2025-06-28 04:49:05,GTERI,11,,3600.0
2025-06-28 05:49:05,GTERI,11,,3600.0
2025-06-28 06:49:05,GTERI,11,,3600.0
2025-06-28 07:49:05,GTERI,11,,3600.0
2025-06-28 08:49:05,GTERI,11,,3600.0
2025-06-28 09:49:05,GTERI,11,,3600.0
2025-06-28 10:49:05,GTERI,11,,3600.0
2025-06-28 11:49:05,GTERI,11,,3600.0
2025-06-28 12:49:05,GTERI,11,,3600.0
2025-06-28 13:49:05,GTERI,11,,3600.0
2025-06-28 14:49:05,GTERI,11,,3600.0
2025-06-28 15:49:05,GTERI,11,,3600.0
2025-06-28 16:49:05,GTERI,11,,3600.0
2025-06-28 17:49:05,GTERI,11,,3600.0
2025-06-28 18:49:05,GTERI,11,,3600.0
2025-06-28 19:49:05,GTERI,11,,3600.0
2025-06-28 20:49:05,GTERI,11,,3600.0
2025-06-28 21:49:05,GTERI,11,,3600.0
2025-06-28 22:49:05,GTERI,11,,3600.0
2025-06-28 23:49:05,GTERI,11,,3600.0
2025-06-29 00:49:05,GTERI,11,,3600.0
2025-06-29 01:49:05,GTERI,11,,3600.0
2025-06-29 02:49:05,GTERI,11,,3600.0
2025-06-29 03:49:05,GTERI,11,,3600.0
2025-06-29 04:49:05,GTERI,11,,3600.0
2025-06-29 05:49:05,GTERI,11,,3600.0
2025-06-29 06:49:05,GTERI,11,,3600.0
2025-06-29 07:49:05,GTERI,11,,3600.0
2025-06-29 08:49:05,GTERI,11,,3600.0
2025-06-29 09:49:05,GTERI,11,,3600.0
2025-06-29 10:49:05,GTERI,11,,3600.0
2025-06-29 11:49:05,GTERI,11,,3600.0
2025-06-29 12:49:05,GTERI,11,,3600.0
2025-06-29 13:49:05,GTERI,11,,3600.0
2025-06-29 14:49:05,GTERI,11,,3600.0
2025-06-29 15:49:05,GTERI,11,,3600.0
2025-06-29 16:49:05,GTERI,11,,3600.0
2025-06-29 17:49:05,GTERI,11,,3600.0
2025-06-29 18:49:05,GTERI,11,,3600.0
2025-06-29 19:49:05,GTERI,11,,3600.0
2025-06-29 20:49:05,GTERI,11,,3600.0
2025-06-29 21:49:05,GTERI,11,,3600.0
2025-06-29 22:49:05,GTERI,11,,3600.0
2025-06-29 23:49:05,GTERI,11,,3600.0
2025-06-30 00:49:05,GTERI,11,,3600.0
2025-06-30 01:49:05,GTERI,11,,3600.0
2025-06-30 02:49:05,GTERI,11,,3600.0
2025-06-30 03:49:05,GTERI,11,,3600.0
2025-06-30 04:49:05,GTERI,11,,3600.0
2025-06-30 05:49:05,GTERI,11,,3600.0
2025-06-30 05:59:37,GTIGN,,,
2025-06-30 05:59:49,GTERI,22,12.0,
2025-06-30 06:02:46,GTERI,22,177.0,
2025-06-30 06:05:46,GTERI,22,180.0,
2025-06-30 06:08:46,GTERI,22,180.0,
2025-06-30 06:11:46,GTERI,22,180.0,
2025-06-30 06:14:46,GTERI,22,180.0,
2025-06-30 06:17:46,GTERI,22,180.0,
2025-06-30 06:20:46,GTERI,22,180.0,
2025-06-30 06:23:46,GTERI,22,180.0,
2025-06-30 06:26:46,GTERI,22,180.0,
2025-06-30 06:29:46,GTERI,22,180.0,
2025-06-30 06:32:46,GTERI,22,180.0,
2025-06-30 06:35:46,GTERI,22,180.0,
2025-06-30 06:38:46,GTERI,22,180.0,
2025-06-30 06:41:46,GTERI,22,180.0,
2025-06-30 06:44:46,GTERI,22,180.0,
2025-06-30 06:47:46,GTERI,22,180.0,
2025-06-30 06:50:46,GTERI,22,180.0,
2025-06-30 06:53:46,GTERI,22,180.0,
2025-06-30 06:55:39,GTIGF,,,
2025-06-30 06:55:40,GTERI,12,,1.0
2025-06-30 07:49:17,GTIGN,,,
2025-06-30 07:49:25,GTERI,22,8.0,
2025-06-30 07:49:56,GTIGF,,,
2025-06-30 07:49:57,GTERI,12,,1.0
2025-06-30 07:51:39,GTIGN,,,
2025-06-30 07:51:44,GTERI,22,5.0,
2025-06-30 07:52:32,GTIGF,,,
2025-06-30 07:52:32,GTERI,12,,0.0
2025-06-30 08:06:20,GTIGN,,,
2025-06-30 08:06:28,GTERI,22,8.0,
2025-06-30 08:09:28,GTERI,22,180.0,
2025-06-30 08:12:28,GTERI,22,180.0,
2025-06-30 08:15:28,GTERI,22,180.0,
2025-06-30 08:18:28,GTERI,22,180.0,
2025-06-30 08:20:27,GTERI,12,,1675.0
2025-06-30 08:20:27,GTIGF,,,
2025-06-30 08:47:06,GTIGN,,,
2025-06-30 08:47:14,GTERI,22,8.0,
2025-06-30 08:50:13,GTERI,22,179.0,
2025-06-30 08:53:13,GTERI,22,180.0,
2025-06-30 08:56:13,GTERI,22,180.0,
2025-06-30 08:59:13,GTERI,22,180.0,
2025-06-30 09:02:13,GTERI,22,180.0,
2025-06-30 09:05:13,GTERI,22,180.0,
2025-06-30 09:08:13,GTERI,22,180.0,
2025-06-30 09:08:14,GTERI,12,,2867.0
2025-06-30 09:08:14,GTIGF,,,
2025-06-30 09:16:59,GTIGN,,,
2025-06-30 09:17:08,GTERI,22,9.0,
2025-06-30 09:17:41,GTIGF,,,
2025-06-30 09:17:41,GTIGN,,,
2025-06-30 09:17:41,GTIGF,,,
2025-06-30 09:17:42,GTIGN,,,
2025-06-30 09:23:16,GTERI,22,334.0,
2025-06-30 09:26:16,GTERI,22,180.0,
2025-06-30 09:29:16,GTERI,22,180.0,
2025-06-30 09:30:04,GTERI,22,48.0,
2025-06-30 09:35:16,GTERI,22,312.0,
2025-06-30 09:38:16,GTERI,22,180.0,
2025-06-30 09:38:36,GTIGF,,,
2025-06-30 09:38:36,GTIGN,,,
2025-06-30 09:38:41,GTERI,22,5.0,
2025-06-30 09:41:42,GTERI,22,181.0,
2025-06-30 09:44:42,GTERI,22,180.0,
2025-06-30 09:47:42,GTERI,22,180.0,
2025-06-30 09:50:42,GTERI,22,180.0,
2025-06-30 09:53:42,GTERI,22,180.0,
2025-06-30 09:56:42,GTERI,22,180.0,
2025-06-30 09:59:42,GTERI,22,180.0,
2025-06-30 10:02:42,GTERI,22,180.0,
2025-06-30 10:05:42,GTERI,22,180.0,
2025-06-30 10:08:42,GTERI,22,180.0,
2025-06-30 10:11:42,GTERI,22,180.0,
2025-06-30 10:14:42,GTERI,22,180.0,
2025-06-30 10:17:42,GTERI,22,180.0,
2025-06-30 10:19:41,GTIGF,,,
2025-06-30 10:19:41,GTERI,12,,0.0
2025-06-30 11:07:44,GTIGN,,,
2025-06-30 11:07:53,GTERI,22,9.0,
2025-06-30 11:08:49,GTIGF,,,
2025-06-30 11:08:49,GTERI,12,,0.0
2025-06-30 11:09:06,GTIGN,,,
2025-06-30 11:09:11,GTERI,22,5.0,
2025-06-30 11:09:27,GTIGF,,,
2025-06-30 11:09:28,GTERI,12,,1.0
2025-06-30 11:13:56,GTIGN,,,
2025-06-30 11:14:00,GTERI,22,4.0,
2025-06-30 11:17:03,GTERI,22,183.0,
2025-06-30 11:20:03,GTERI,22,180.0,
2025-06-30 11:23:03,GTERI,22,180.0,
2025-06-30 11:26:04,GTERI,22,181.0,
2025-06-30 11:29:04,GTERI,22,180.0,
2025-06-30 11:32:04,GTERI,22,180.0,
2025-06-30 11:35:04,GTERI,22,180.0,
2025-06-30 11:38:04,GTERI,22,180.0,
2025-06-30 11:41:04,GTERI,22,180.0,
2025-06-30 11:44:04,GTERI,22,180.0,
2025-06-30 11:47:04,GTERI,22,180.0,
2025-06-30 11:50:04,GTERI,22,180.0,
2025-06-30 11:53:04,GTERI,22,180.0,
2025-06-30 11:56:04,GTERI,22,180.0,
2025-06-30 11:59:04,GTERI,22,180.0,
2025-06-30 12:02:04,GTERI,22,180.0,
2025-06-30 12:05:04,GTERI,22,180.0,
2025-06-30 12:08:04,GTERI,22,180.0,
2025-06-30 12:11:04,GTERI,22,180.0,
2025-06-30 12:14:04,GTERI,22,180.0,
2025-06-30 12:17:04,GTERI,22,180.0,
2025-06-30 12:17:05,GTIGF,,,
2025-06-30 12:17:05,GTERI,12,,0.0
2025-06-30 12:18:09,GTIGN,,,
2025-06-30 12:18:12,GTIGF,,,
2025-06-30 12:53:47,GTIGN,,,
2025-06-30 12:53:55,GTERI,22,8.0,
2025-06-30 12:56:44,GTIGF,,,
2025-06-30 12:56:45,GTERI,12,,1.0
2025-06-30 13:10:20,GTIGN,,,
2025-06-30 13:10:28,GTERI,22,8.0,
2025-06-30 13:11:12,GTIGF,,,
2025-06-30 13:11:13,GTERI,12,,1.0
2025-06-30 14:11:08,GTERI,11,,3595.0
2025-06-30 14:27:53,GTIGN,,,
2025-06-30 14:28:01,GTERI,22,8.0,
2025-06-30 14:28:03,GTIGF,,,
2025-06-30 14:28:03,GTIGN,,,
2025-06-30 14:28:07,GTERI,22,4.0,
2025-06-30 14:28:19,GTIGF,,,
2025-06-30 14:28:19,GTERI,12,,0.0
2025-06-30 14:28:20,GTIGN,,,
2025-06-30 14:28:23,GTIGF,,,
2025-06-30 14:33:11,GTIGN,,,
2025-06-30 14:33:16,GTERI,22,5.0,
2025-06-30 14:36:20,GTERI,22,184.0,
2025-06-30 14:39:20,GTERI,22,180.0,
2025-06-30 14:42:20,GTERI,22,180.0,
2025-06-30 14:45:20,GTERI,22,180.0,
2025-06-30 14:48:20,GTERI,22,180.0,
2025-06-30 14:51:20,GTERI,22,180.0,
2025-06-30 14:54:20,GTERI,22,180.0,
2025-06-30 14:57:20,GTERI,22,180.0,
2025-06-30 15:00:20,GTERI,22,180.0,
2025-06-30 15:03:20,GTERI,22,180.0,
2025-06-30 15:06:20,GTERI,22,180.0,
2025-06-30 15:09:20,GTERI,22,180.0,
2025-06-30 15:12:20,GTERI,22,180.0,
2025-06-30 15:15:20,GTERI,22,180.0,
2025-06-30 15:18:20,GTERI,22,180.0,
2025-06-30 15:21:20,GTERI,22,180.0,
2025-06-30 15:24:20,GTERI,22,180.0,
2025-06-30 15:27:19,GTERI,22,179.0,
2025-06-30 15:30:20,GTERI,22,181.0,
2025-06-30 15:31:06,GTERI,12,,3763.0
2025-06-30 15:31:06,GTIGF,,,
2025-06-30 16:31:01,GTERI,11,,3595.0
2025-06-30 17:31:01,GTERI,11,,3600.0
2025-06-30 18:31:01,GTERI,11,,3600.0
2025-06-30 19:31:01,GTERI,11,,3600.0
2025-06-30 20:31:01,GTERI,11,,3600.0
2025-06-30 21:09:22,GTIGN,,,
2025-06-30 21:09:26,GTIGF,,,
2025-06-30 21:09:30,GTERI,12,,4.0
2025-06-30 21:11:42,GTIGN,,,
2025-06-30 21:11:46,GTERI,22,4.0,
2025-06-30 21:14:47,GTERI,22,181.0,
2025-06-30 21:17:47,GTERI,22,180.0,
2025-06-30 21:18:32,GTIGF,,,
2025-06-30 21:18:32,GTERI,12,,0.0
2025-06-30 21:22:19,GTIGN,,,
2025-06-30 21:22:23,GTERI,22,4.0,
2025-06-30 21:23:05,GTIGF,,,
2025-06-30 21:23:05,GTERI,12,,0.0
2025-06-30 21:35:29,GTIGN,,,
2025-06-30 21:35:40,GTERI,22,11.0,
2025-06-30 21:38:36,GTERI,22,176.0,
2025-06-30 21:41:36,GTERI,22,180.0,
2025-06-30 21:44:36,GTERI,22,180.0,
2025-06-30 21:47:36,GTERI,22,180.0,
2025-06-30 21:49:11,GTIGF,,,
2025-06-30 21:49:11,GTERI,12,,0.0
2025-06-30 22:01:47,GTIGN,,,
2025-06-30 22:01:57,GTERI,22,10.0,
2025-06-30 22:04:52,GTERI,22,175.0,
2025-06-30 22:07:52,GTERI,22,180.0,
2025-06-30 22:10:13,GTIGF,,,
2025-06-30 22:10:14,GTERI,12,,1.0
2025-06-30 22:21:13,GTIGN,,,
2025-06-30 22:21:23,GTERI,22,10.0,
2025-06-30 22:21:52,GTIGF,,,
2025-06-30 22:21:53,GTERI,12,,1.0
2025-06-30 23:21:48,GTERI,11,,3595.0
2025-07-01 00:21:48,GTERI,11,,3600.0
2025-07-01 01:21:48,GTERI,11,,3600.0
2025-07-01 02:21:48,GTERI,11,,3600.0
2025-07-01 03:21:48,GTERI,11,,3600.0
2025-07-01 03:38:40,GTIGN,,,
2025-07-01 03:38:51,GTERI,22,11.0,
2025-07-01 03:41:49,GTERI,22,178.0,
2025-07-01 03:44:49,GTERI,22,180.0,
2025-07-01 03:47:49,GTERI,22,180.0,
2025-07-01 03:50:49,GTERI,22,180.0,
2025-07-01 03:52:29,GTIGF,,,
2025-07-01 03:52:29,GTERI,12,,0.0
2025-07-01 04:10:40,GTIGN,,,
2025-07-01 04:10:48,GTERI,22,8.0,
2025-07-01 04:13:50,GTERI,22,182.0,
2025-07-01 04:16:50,GTERI,22,180.0,
2025-07-01 04:19:50,GTERI,22,180.0,
2025-07-01 04:21:03,GTERI,12,,1714.0
2025-07-01 04:21:03,GTIGF,,,
2025-07-01 04:25:05,GTIGN,,,
2025-07-01 04:25:09,GTERI,22,4.0,
2025-07-01 04:28:15,GTERI,22,186.0,
2025-07-01 04:29:17,GTIGF,,,
2025-07-01 04:29:18,GTERI,12,,1.0
2025-07-01 04:33:15,GTIGN,,,
2025-07-01 04:33:19,GTERI,22,4.0,
2025-07-01 04:35:03,GTIGF,,,
2025-07-01 04:35:03,GTERI,12,,0.0
2025-07-01 04:39:18,GTIGN,,,
2025-07-01 04:39:22,GTERI,22,4.0,
2025-07-01 04:42:24,GTERI,22,182.0,
2025-07-01 04:44:39,GTERI,12,,576.0
2025-07-01 04:44:39,GTIGF,,,
2025-07-01 04:48:34,GTIGN,,,
2025-07-01 04:48:38,GTERI,22,4.0,
2025-07-01 04:51:40,GTERI,22,182.0,
2025-07-01 04:53:58,GTERI,12,,559.0
2025-07-01 04:53:58,GTIGF,,,
2025-07-01 05:03:30,GTIGN,,,
2025-07-01 05:03:37,GTERI,22,7.0,
2025-07-01 05:04:22,GTIGF,,,
2025-07-01 05:04:22,GTERI,12,,0.0
2025-07-01 05:32:48,GTIGN,,,
2025-07-01 05:32:57,GTERI,22,9.0,
2025-07-01 05:33:43,GTIGF,,,
2025-07-01 05:33:44,GTERI,12,,1.0
2025-07-01 06:33:39,GTERI,11,,3595.0
2025-07-01 07:33:39,GTERI,11,,3600.0
2025-07-01 08:00:09,GTIGN,,,
2025-07-01 08:00:24,GTERI,22,15.0,
2025-07-01 08:03:15,GTERI,21,171.0,
2025-07-01 08:06:15,GTERI,22,180.0,
2025-07-01 08:09:15,GTERI,22,180.0,
2025-07-01 08:12:15,GTERI,22,180.0,
