linha,bloco,ordem_no_bloco,latitude,longitude,latitude_anterior,longitude_anterior,Hodômetro Total,Hodômetro anterior,Hodômetro incremental do bloco,Data/Hora Evento,GNSS UTC Time,Tipo Mensagem,Motion Status,Distância incremental (m)
129,5,18,-32.242831,-53.069115,-32.242851,-53.069094,241.6,241.6,2.9000000000000057,2025-06-12 07:38:48,2025-06-12 07:38:48,GTSTT,21,2.974291576496154
130,5,19,-32.242831,-53.069115,-32.242831,-53.069115,241.6,241.6,2.9000000000000057,2025-06-12 07:39:09,2025-06-12 07:39:08,GTERI,21,0.0
273,10,25,-32.219866,-53.039793,-32.219807,-53.039796,260.0,260.0,6.0,2025-06-12 14:45:17,2025-06-12 14:45:17,GTSTT,21,6.566577025345558
277,10,26,-32.219866,-53.039793,-32.219866,-53.039793,260.0,260.0,6.0,2025-06-12 14:45:17,2025-06-12 14:45:17,GTSTT,21,0.0
276,10,27,-32.219866,-53.039793,-32.219866,-53.039793,260.0,260.0,6.0,2025-06-12 14:45:17,2025-06-12 14:45:17,GTSTT,21,0.0
275,10,28,-32.219866,-53.039793,-32.219866,-53.039793,260.0,260.0,6.0,2025-06-12 14:45:17,2025-06-12 14:45:17,GTSTT,21,0.0
274,10,29,-32.219866,-53.039793,-32.219866,-53.039793,260.0,260.0,6.0,2025-06-12 14:45:17,2025-06-12 14:45:17,GTSTT,21,0.0
278,10,30,-32.219866,-53.039793,-32.219866,-53.039793,260.0,260.0,6.0,2025-06-12 14:45:17,2025-06-12 14:45:17,GTSTT,21,0.0
281,10,33,-32.219866,-53.039793,-32.219866,-53.039793,260.0,260.0,6.0,2025-06-12 14:47:52,2025-06-12 14:47:53,GTSTT,21,0.0
284,10,36,-32.219866,-53.039793,-32.219866,-53.039793,260.0,260.0,6.0,2025-06-12 14:50:37,2025-06-12 14:50:37,GTSTT,21,0.0
286,10,38,-32.219866,-53.039793,-32.219866,-53.039793,260.0,260.0,6.0,2025-06-12 14:52:45,2025-06-12 14:52:46,GTSTT,21,0.0
287,10,39,-32.219866,-53.039793,-32.219866,-53.039793,260.0,260.0,6.0,2025-06-12 14:52:56,2025-06-12 14:52:55,GTERI,21,0.0
489,17,2,-32.247302,-53.093566,-32.247302,-53.093566,299.5,299.5,0.0,2025-06-13 10:44:52,2025-06-13 10:22:42,GTSTT,21,0.0
630,21,2,-32.289011,-53.117228,-32.289011,-53.117228,327.0,327.0,0.0,2025-06-13 17:16:21,2025-06-13 17:16:17,GTSTT,21,0.0
887,29,13,-32.243014,-53.078614,-32.243011,-53.078617,363.7,363.7,0.30000000000001137,2025-06-15 09:50:35,2025-06-15 09:50:35,GTSTT,21,0.4369031515853867
898,30,5,-32.243021,-53.078612,-32.243023,-53.078607,363.7,363.7,0.0,2025-06-15 10:00:45,2025-06-15 10:00:46,GTSTT,21,0.520175965444771
963,34,2,-32.227723,-53.082063,-32.227723,-53.082063,366.8,366.8,0.0,2025-06-15 10:30:17,2025-06-15 10:29:37,GTSTT,21,0.0
1407,44,51,-31.754429,-52.429524,-31.754429,-52.429524,529.2,529.2,15.0,2025-06-17 06:48:58,2025-06-17 06:48:59,GTSTT,21,0.0
1539,47,11,-32.238527,-53.088907,-32.23691,-53.088403,635.2,635.0,1.7000000000000455,2025-06-17 16:46:20,2025-06-17 16:46:19,GTSTT,21,185.9461202283989
1540,47,12,-32.238527,-53.088907,-32.238527,-53.088907,635.2,635.2,1.7000000000000455,2025-06-17 16:46:26,2025-06-17 16:46:24,GTERI,21,0.0
1596,50,5,-32.2277,-53.082066,-32.2277,-53.082066,639.0,639.0,0.0,2025-06-18 06:44:55,2025-06-18 06:44:54,GTSTT,21,0.0
1597,50,6,-32.2277,-53.082066,-32.2277,-53.082066,639.0,639.0,0.0,2025-06-18 06:46:49,2025-06-18 06:46:47,GTERI,21,0.0
2054,58,32,-32.219875,-53.03983,-32.219844,-53.039829,920.1,920.1,7.100000000000023,2025-06-20 13:39:27,2025-06-20 13:39:28,GTSTT,21,3.448330888537493
2341,71,21,-32.24278,-53.069258,-32.24278,-53.069258,934.1,934.1,2.800000000000068,2025-06-23 06:47:29,2025-06-23 06:47:29,GTSTT,21,0.0
2343,71,23,-32.24278,-53.069258,-32.24278,-53.069258,934.1,934.1,2.800000000000068,2025-06-23 06:48:54,2025-06-23 06:48:54,GTSTT,21,0.0
2344,71,24,-32.24278,-53.069258,-32.24278,-53.069258,934.1,934.1,2.800000000000068,2025-06-23 06:50:11,2025-06-23 06:50:10,GTERI,21,0.0
2605,79,16,-31.43795,-53.098111,-31.43795,-53.098111,1128.7,1128.7,0.7999999999999545,2025-06-24 13:04:51,2025-06-24 13:04:51,GTSTT,21,0.0
2651,80,21,-31.438018,-53.098126,-31.438018,-53.098126,1130.8,1130.8,1.0,2025-06-24 17:35:53,2025-06-24 17:35:53,GTSTT,21,0.0
2652,80,22,-31.438018,-53.098126,-31.438018,-53.098126,1130.8,1130.8,1.0,2025-06-24 17:37:18,2025-06-24 17:37:18,GTERI,21,0.0
2654,80,24,-31.43805,-53.098189,-31.438018,-53.098126,1130.8,1130.8,1.0,2025-06-24 17:39:16,2025-06-24 17:39:16,GTSTT,21,6.955931491095619
2657,80,27,-31.43805,-53.098189,-31.43805,-53.098189,1130.8,1130.8,1.0,2025-06-24 17:40:43,2025-06-24 17:40:43,GTSTT,21,0.0
2659,80,29,-31.43805,-53.098189,-31.43805,-53.098189,1130.8,1130.8,1.0,2025-06-24 17:42:02,2025-06-24 17:42:02,GTSTT,21,0.0
2660,80,30,-31.43805,-53.098189,-31.43805,-53.098189,1130.8,1130.8,1.0,2025-06-24 17:43:18,2025-06-24 17:43:17,GTERI,21,0.0
2661,80,31,-31.43805,-53.098189,-31.43805,-53.098189,1130.8,1130.8,1.0,2025-06-24 17:46:18,2025-06-24 17:46:17,GTERI,21,0.0
2830,82,11,-32.229437,-53.054104,-32.21898,-53.039846,1267.2,1265.4,1.900000000000091,2025-06-25 10:21:50,2025-06-25 10:21:51,GTSTT,21,1775.0724075242474
2831,82,12,-32.229437,-53.054104,-32.229437,-53.054104,1267.2,1267.2,1.900000000000091,2025-06-25 10:21:53,2025-06-25 10:21:52,GTERI,21,0.0
3179,94,5,-32.2277,-53.082088,-32.2277,-53.082088,1380.5,1380.5,0.0,2025-06-26 07:48:53,2025-06-26 07:48:54,GTSTT,21,0.0
3180,94,6,-32.2277,-53.082088,-32.2277,-53.082088,1380.5,1380.5,0.0,2025-06-26 07:50:47,2025-06-26 07:50:46,GTERI,21,0.0
3474,105,5,-32.235652,-53.084573,-32.235652,-53.084573,1424.9,1424.9,0.0,2025-06-27 11:39:28,2025-06-27 11:39:28,GTSTT,21,0.0
3538,107,5,-32.219837,-53.039792,-32.219837,-53.039792,1432.9,1432.9,0.0,2025-06-27 13:37:29,2025-06-27 13:37:29,GTSTT,21,0.0
3540,107,7,-32.219837,-53.039792,-32.219837,-53.039792,1432.9,1432.9,0.0,2025-06-27 13:38:32,2025-06-27 13:38:31,GTSTT,21,0.0
3541,107,8,-32.219837,-53.039792,-32.219837,-53.039792,1432.9,1432.9,0.0,2025-06-27 13:40:02,2025-06-27 13:40:02,GTERI,21,0.0
3580,110,5,-32.243007,-53.078663,-32.243007,-53.078663,1438.2,1438.2,0.0,2025-06-27 17:41:22,2025-06-27 17:41:22,GTSTT,21,0.0
3582,110,7,-32.243007,-53.078663,-32.243007,-53.078663,1438.2,1438.2,0.0,2025-06-27 17:42:45,2025-06-27 17:42:45,GTSTT,21,0.0
3583,110,8,-32.243007,-53.078663,-32.243007,-53.078663,1438.2,1438.2,0.0,2025-06-27 17:43:53,2025-06-27 17:43:52,GTERI,21,0.0
3585,110,10,-32.243007,-53.078663,-32.243007,-53.078663,1438.2,1438.2,0.0,2025-06-27 17:45:23,2025-06-27 17:45:24,GTSTT,21,0.0
3589,110,14,-32.243007,-53.078663,-32.243007,-53.078663,1438.2,1438.2,0.0,2025-06-27 17:52:24,2025-06-27 17:52:24,GTSTT,21,0.0
3879,115,28,-31.988421,-52.801527,-31.988421,-52.801527,1495.8,1495.8,39.799999999999955,2025-06-30 10:14:56,2025-06-30 10:14:56,GTSTT,21,0.0
3880,115,29,-31.988421,-52.801527,-31.988421,-52.801527,1495.8,1495.8,39.799999999999955,2025-06-30 10:16:00,2025-06-30 10:15:59,GTERI,21,0.0
3882,115,31,-31.988421,-52.801527,-31.988421,-52.801527,1495.8,1495.8,39.799999999999955,2025-06-30 10:17:48,2025-06-30 10:17:48,GTSTT,21,0.0
3883,115,32,-31.988421,-52.801527,-31.988421,-52.801527,1495.8,1495.8,39.799999999999955,2025-06-30 10:19:00,2025-06-30 10:18:59,GTERI,21,0.0
3885,115,34,-31.988421,-52.801527,-31.988421,-52.801527,1495.8,1495.8,39.799999999999955,2025-06-30 10:21:13,2025-06-30 10:21:12,GTSTT,21,0.0
3886,115,35,-31.988421,-52.801527,-31.988421,-52.801527,1495.8,1495.8,39.799999999999955,2025-06-30 10:22:00,2025-06-30 10:21:59,GTERI,21,0.0
4290,125,22,-32.242895,-53.069155,-32.242975,-53.069138,1619.5,1619.5,3.0,2025-07-04 08:26:45,2025-07-04 08:26:44,GTSTT,21,9.038143116448966
4291,125,23,-32.242895,-53.069155,-32.242895,-53.069155,1619.5,1619.5,3.0,2025-07-04 08:27:40,2025-07-04 08:27:39,GTERI,21,0.0
4369,126,42,-32.239861,-53.075993,-32.240166,-53.074861,1630.2,1630.1,6.600000000000136,2025-07-04 11:07:27,2025-07-04 11:07:26,GTSTT,21,111.73706964781425
4378,126,50,-32.243098,-53.078665,-32.243093,-53.078673,1630.7,1630.7,7.100000000000136,2025-07-04 11:10:49,2025-07-04 11:10:48,GTSTT,21,0.9355155788479363
4379,126,51,-32.243098,-53.078665,-32.243098,-53.078665,1630.7,1630.7,7.100000000000136,2025-07-04 11:11:18,2025-07-04 11:11:17,GTERI,21,0.0
4380,126,52,-32.243098,-53.078665,-32.243098,-53.078665,1630.7,1630.7,7.100000000000136,2025-07-04 11:14:18,2025-07-04 11:14:17,GTERI,21,0.0
4392,127,5,-32.243101,-53.078673,-32.243101,-53.078673,1630.7,1630.7,0.0,2025-07-04 11:30:33,2025-07-04 11:30:32,GTSTT,21,0.0
4536,132,2,-32.236813,-53.084896,-32.236813,-53.084896,1647.3,1647.3,0.0,2025-07-04 16:25:39,2025-07-04 16:22:35,GTSTT,21,0.0
4831,142,13,-32.237689,-53.086801,-32.237689,-53.086801,1682.1,1682.1,0.0,2025-07-08 10:17:51,2025-07-08 10:17:51,GTSTT,21,0.0
4833,142,15,-32.237689,-53.086801,-32.237689,-53.086801,1682.1,1682.1,0.0,2025-07-08 10:18:53,2025-07-08 10:18:52,GTSTT,21,0.0
4926,145,34,-32.246563,-53.086096,-32.246563,-53.086096,1692.7,1692.7,3.7999999999999545,2025-07-08 10:49:03,2025-07-08 10:49:02,GTSTT,21,0.0
5136,155,21,-32.219973,-53.039743,-32.219177,-53.039504,1713.5,1713.4,4.7999999999999545,2025-07-09 08:40:22,2025-07-09 08:40:21,GTSTT,21,91.32220371341165
5137,155,22,-32.219973,-53.039743,-32.219973,-53.039743,1713.5,1713.5,4.7999999999999545,2025-07-09 08:40:25,2025-07-09 08:40:24,GTPDP,21,0.0
5140,155,25,-32.220145,-53.039684,-32.219973,-53.039743,1713.5,1713.5,4.7999999999999545,2025-07-09 08:41:42,2025-07-09 08:41:41,GTSTT,21,19.914615446733105
5149,155,34,-32.22145,-53.039777,-32.22145,-53.039777,1713.8,1713.8,5.099999999999909,2025-07-09 08:43:21,2025-07-09 08:43:21,GTSTT,21,0.0
5150,155,35,-32.22145,-53.039777,-32.22145,-53.039777,1713.8,1713.8,5.099999999999909,2025-07-09 08:44:04,2025-07-09 08:44:02,GTERI,21,0.0
5154,155,39,-32.221236,-53.039604,-32.221275,-53.039605,1713.8,1713.8,5.099999999999909,2025-07-09 08:45:01,2025-07-09 08:45:00,GTSTT,21,4.337628307210131
5156,155,41,-32.221026,-53.039601,-32.221236,-53.039604,1713.8,1713.8,5.099999999999909,2025-07-09 08:46:06,2025-07-09 08:46:05,GTSTT,21,23.35267214548088
5174,156,2,-32.21999,-53.040008,-32.21999,-53.040008,1714.0,1714.0,0.0,2025-07-09 10:59:57,2025-07-09 10:46:30,GTIGN,21,0.0
5227,158,5,-32.233406,-53.085392,-32.233406,-53.085392,1723.2,1723.2,0.0,2025-07-09 11:34:19,2025-07-09 11:34:18,GTSTT,21,0.0
5237,158,15,-32.235246,-53.084134,-32.235246,-53.084134,1723.6,1723.6,0.3999999999998636,2025-07-09 11:36:59,2025-07-09 11:36:59,GTSTT,21,0.0
5290,160,22,-32.219987,-53.040044,-32.219987,-53.040044,1729.6,1729.6,4.899999999999864,2025-07-09 14:18:21,2025-07-09 14:18:20,GTSTT,21,0.0
5403,163,32,-32.220794,-53.039653,-32.221104,-53.039711,1742.4,1742.3,6.0,2025-07-09 17:03:24,2025-07-09 17:03:23,GTSTT,21,34.89960979836671
5404,163,33,-32.220794,-53.039653,-32.220794,-53.039653,1742.4,1742.4,6.0,2025-07-09 17:03:28,2025-07-09 17:03:26,GTERI,21,0.0
5406,163,35,-32.220794,-53.039653,-32.220794,-53.039653,1742.4,1742.4,6.0,2025-07-09 17:04:56,2025-07-09 17:04:55,GTSTT,21,0.0
5411,163,40,-32.220668,-53.039877,-32.220527,-53.039762,1742.4,1742.4,6.0,2025-07-09 17:06:02,2025-07-09 17:06:01,GTSTT,21,19.048589869892552
5434,165,11,-32.219864,-53.040046,-32.219855,-53.039963,1742.5,1742.5,0.09999999999990905,2025-07-09 17:08:05,2025-07-09 17:08:04,GTSTT,21,7.871846461650012
5436,165,13,-32.219864,-53.040046,-32.219864,-53.040046,1742.5,1742.5,0.09999999999990905,2025-07-09 17:09:14,2025-07-09 17:09:13,GTSTT,21,0.0
5437,165,14,-32.219864,-53.040046,-32.219864,-53.040046,1742.5,1742.5,0.09999999999990905,2025-07-09 17:09:46,2025-07-09 17:09:46,GTBTC,21,0.0
5438,165,15,-32.219864,-53.040046,-32.219864,-53.040046,1742.5,1742.5,0.09999999999990905,2025-07-09 17:09:54,2025-07-09 17:09:52,GTERI,21,0.0
5439,165,16,-32.219864,-53.040046,-32.219864,-53.040046,1742.5,1742.5,0.09999999999990905,2025-07-09 17:12:54,2025-07-09 17:12:52,GTERI,21,0.0
5590,171,16,-32.239861,-53.076005,-32.239861,-53.076005,1762.0,1762.0,2.2999999999999545,2025-07-10 09:42:04,2025-07-10 09:42:04,GTSTT,21,0.0
5592,171,18,-32.239861,-53.076005,-32.239861,-53.076005,1762.0,1762.0,2.2999999999999545,2025-07-10 09:43:02,2025-07-10 09:43:01,GTSTT,21,0.0
5593,171,19,-32.239861,-53.076005,-32.239861,-53.076005,1762.0,1762.0,2.2999999999999545,2025-07-10 09:44:41,2025-07-10 09:44:39,GTERI,21,0.0
5594,171,20,-32.239861,-53.076005,-32.239861,-53.076005,1762.0,1762.0,2.2999999999999545,2025-07-10 09:47:41,2025-07-10 09:47:39,GTERI,21,0.0
5595,171,21,-32.239861,-53.076005,-32.239861,-53.076005,1762.0,1762.0,2.2999999999999545,2025-07-10 09:50:41,2025-07-10 09:50:39,GTERI,21,0.0
5622,172,5,-32.233524,-53.085679,-32.233524,-53.085679,1763.8,1763.8,0.0,2025-07-10 10:38:39,2025-07-10 10:38:38,GTSTT,21,0.0
5632,172,15,-32.238962,-53.082514,-32.238974,-53.082538,1764.7,1764.7,0.900000000000091,2025-07-10 10:43:04,2025-07-10 10:43:03,GTSTT,21,2.6221471293182006
5648,172,31,-32.219872,-53.039899,-32.21975,-53.039935,1770.2,1770.2,6.400000000000091,2025-07-10 10:52:02,2025-07-10 10:52:02,GTSTT,21,13.982129131058077
5663,172,46,-32.220975,-53.039702,-32.221307,-53.039707,1770.5,1770.4,6.7000000000000455,2025-07-10 10:56:09,2025-07-10 10:56:09,GTSTT,21,36.91976287985049
5664,172,47,-32.220975,-53.039702,-32.220975,-53.039702,1770.5,1770.5,6.7000000000000455,2025-07-10 10:56:11,2025-07-10 10:56:09,GTERI,21,0.0
5666,172,49,-32.220975,-53.039702,-32.220975,-53.039702,1770.5,1770.5,6.7000000000000455,2025-07-10 10:57:32,2025-07-10 10:57:31,GTSTT,21,0.0
5667,172,50,-32.220975,-53.039702,-32.220975,-53.039702,1770.5,1770.5,6.7000000000000455,2025-07-10 10:59:11,2025-07-10 10:59:09,GTERI,21,0.0
5789,176,2,-32.219837,-53.03981,-32.219837,-53.03981,1790.2,1790.2,0.0,2025-07-10 17:47:51,2025-07-10 17:21:30,GTSTT,21,0.0
5793,176,6,-32.219847,-53.039838,-32.219847,-53.039838,1790.2,1790.2,0.0,2025-07-10 17:48:28,2025-07-10 17:48:27,GTSTT,21,0.0
6053,184,29,-32.291904,-53.136028,-32.292129,-53.136016,1819.1,1819.1,13.699999999999818,2025-07-14 11:08:59,2025-07-14 11:08:59,GTSTT,21,25.044307112249008
6054,184,30,-32.291904,-53.136028,-32.291904,-53.136028,1819.1,1819.1,13.699999999999818,2025-07-14 11:09:28,2025-07-14 11:09:26,GTERI,21,0.0
6205,189,24,-32.239974,-53.07603,-32.237615,-53.085332,1852.1,1851.2,9.0,2025-07-14 13:57:36,2025-07-14 13:57:35,GTSTT,21,913.3524642466805
6206,189,25,-32.239974,-53.07603,-32.239974,-53.07603,1852.1,1852.1,9.0,2025-07-14 13:57:57,2025-07-14 13:57:55,GTERI,21,0.0
6208,189,27,-32.239974,-53.07603,-32.239974,-53.07603,1852.1,1852.1,9.0,2025-07-14 13:59:02,2025-07-14 13:59:01,GTSTT,21,0.0
6210,189,29,-32.239974,-53.07603,-32.239974,-53.07603,1852.1,1852.1,9.0,2025-07-14 13:59:45,2025-07-14 13:59:44,GTSTT,21,0.0
6263,190,2,-32.234987,-53.08536,-32.234987,-53.08536,1864.1,1864.1,0.0,2025-07-14 14:33:49,2025-07-14 14:22:30,GTSTT,21,0.0
6517,196,20,-31.4417,-53.101824,-31.441704,-53.101653,1947.8,1947.8,1.599999999999909,2025-07-15 12:05:21,2025-07-15 12:05:20,GTSTT,21,16.228602541824547
6536,197,12,-31.439594,-53.099003,-31.441,-53.100035,1948.3,1948.2,0.5,2025-07-15 12:59:57,2025-07-15 12:59:56,GTSTT,21,184.46629322146117
6698,200,70,-31.829892,-52.980522,-31.832395,-52.98234,2047.5,2047.2,0.2999999999999545,2025-07-16 10:41:26,2025-07-16 10:41:25,GTSTT,21,327.048693183272
6705,200,77,-31.831945,-52.978764,-31.831274,-52.978552,2047.8,2047.7,0.599999999999909,2025-07-16 10:44:10,2025-07-16 10:44:08,GTSTT,21,77.25318722800348
6720,201,8,-31.829865,-52.980536,-31.830995,-52.978734,2048.1,2047.9,0.2999999999999545,2025-07-16 10:50:17,2025-07-16 10:50:16,GTSTT,21,211.58841422169752
6880,202,5,-31.439675,-53.088633,-31.439675,-53.088633,2111.4,2111.4,0.0,2025-07-16 12:06:34,2025-07-16 12:06:34,GTSTT,21,0.0
6934,203,32,-31.439595,-53.088663,-31.439595,-53.088663,2115.2,2115.2,1.8999999999996362,2025-07-16 12:53:40,2025-07-16 12:53:40,GTSTT,21,0.0
7077,207,5,-32.227735,-53.081813,-32.227735,-53.081813,2242.6,2242.6,0.0,2025-07-17 08:22:58,2025-07-17 08:22:58,GTSTT,21,0.0
7097,207,25,-32.224431,-53.093144,-32.224431,-53.093144,2244.0,2244.0,1.400000000000091,2025-07-17 08:31:12,2025-07-17 08:31:12,GTSTT,21,0.0
7153,209,5,-32.242766,-53.069302,-32.242766,-53.069302,2252.3,2252.3,0.0,2025-07-17 10:07:55,2025-07-17 10:07:56,GTSTT,21,0.0
7155,209,7,-32.242766,-53.069302,-32.242766,-53.069302,2252.3,2252.3,0.0,2025-07-17 10:08:47,2025-07-17 10:08:48,GTSTT,21,0.0
7157,209,9,-32.242766,-53.069302,-32.242766,-53.069302,2252.3,2252.3,0.0,2025-07-17 10:09:55,2025-07-17 10:09:55,GTSTT,21,0.0
7158,209,10,-32.242766,-53.069302,-32.242766,-53.069302,2252.3,2252.3,0.0,2025-07-17 10:09:55,2025-07-17 10:09:54,GTERI,21,0.0
7159,209,11,-32.242766,-53.069302,-32.242766,-53.069302,2252.3,2252.3,0.0,2025-07-17 10:12:55,2025-07-17 10:12:54,GTERI,21,0.0
7352,215,25,-32.242861,-53.069129,-32.242862,-53.069124,2276.7,2276.7,3.199999999999818,2025-07-17 13:32:02,2025-07-17 13:32:02,GTSTT,21,0.48320883511149393
7353,215,26,-32.242861,-53.069129,-32.242861,-53.069129,2276.7,2276.7,3.199999999999818,2025-07-17 13:32:43,2025-07-17 13:32:43,GTERI,21,0.0
7471,219,2,-32.220643,-53.039721,-32.220643,-53.039721,2293.5,2293.5,0.0,2025-07-17 15:47:05,2025-07-17 15:47:06,GTSTT,21,0.0
8721,238,5,-32.219674,-53.04,-32.219674,-53.04,2508.5,2508.5,0.0,2025-07-22 18:05:57,2025-07-22 18:05:57,GTSTT,21,0.0
9300,241,5,-32.219865,-53.040032,-32.219865,-53.040032,2518.1,2518.1,0.0,2025-07-23 11:52:23,2025-07-23 11:52:23,GTSTT,21,0.0
9409,243,25,-32.220002,-53.039986,-32.21999,-53.040007,2528.1,2528.1,4.199999999999818,2025-07-23 13:41:05,2025-07-23 13:41:06,GTSTT,21,2.3839252379978513
9410,243,26,-32.220002,-53.039986,-32.220002,-53.039986,2528.1,2528.1,4.199999999999818,2025-07-23 13:41:18,2025-07-23 13:41:18,GTERI,21,0.0
9445,245,10,-32.219667,-53.039652,-32.219667,-53.039652,2528.1,2528.1,0.0,2025-07-23 14:24:01,2025-07-23 14:24:01,GTSTT,21,0.0
